League,Home Team,Away Team,Home Score,Away Score
Liga Premier Serie A,Tigres de Alica,Reboceros La Piedad,2,1
Primera División,Puntarenas FC,Guadalupe FC,0,0
Liga MX Femenil,Juárez W,Cruz Azul W,1,1
Liga de Expansión MX,Tlaxcala,Irapuato,2,1
Liga Nacional,Comunicaciones,Cobán Imperial,2,3
Carioca - 1,Botafogo,Bangu,2,0
Primera Division,Alianza,Firpo,2,3
Premier Division,Grenades,Jennings United,5,0
Serie Rio De La Plata,Club Nacional,Concepción,1,0
Roraimense,GAS,River RR,2,2
Liga Premier Serie A,Lobos ULMX,Sporting Canamy,2,1
Liga Profesional Argentina,Rosario Central,Belgrano Cordoba,1,2
Liga de Expansión MX,Cancún,Alebrijes de Oaxaca,1,1
Friendlies Clubs,Gamba Osaka,Consadole Sapporo,4,1
Friendlies Clubs,Universitario,Universidad de Chile,3,0
Primera Division,Real Estelí,UNAN Managua,6,3
CONCACAF Women U17,Nicaragua W U17,Belize W U17,6,0
Liga Nacional,Real Espana,Olancho,2,0
Primera A,Chico,America de Cali,0,1
Liga Panameña de Fútbol,CD Arabe Unido,Alianza FC,2,2
Primera División,LD Alajuelense,San Carlos,1,0
Liga de Expansión MX,Venados FC,Dorados,4,4
Liga Nacional,Marquense,Achuapa,1,0
Liga MX Femenil,Tigres UANL W,Atlas W,3,1
Liga Premier Serie A,Los Cabos United,Colima,1,1
A-League Women,Wellington Phoenix W,Adelaide United W,3,1
Santosh Trophy,Nagaland,Tamilnadu,0,3
A-League Women,Melbourne Victory W,Sydney FC W,0,0
Premier League,BC Rangers,Hong Kong FC,5,2
Premier League,Kitchee,Wofoo Tai Po,4,2
Diski Challenge,Polokwane City U23,Stellenbosch U23,0,1
Friendlies Clubs,Brisbane Knights,Gold Coast Knights,5,2
Diski Challenge,Marumo Gallants U23,Kaizer Chiefs U23,2,1
Diski Challenge,Mamelodi Sundowns U23,Magesi U23,3,0
A-League,Western Sydney Wanderers,Perth Glory,1,0
Friendlies Clubs,Miedz Legnica,Nasaf,1,1
Friendlies Clubs,Zemplín Michalovce,Ozgon,2,1
Liga 1,PSIM Yogyakarta,Persebaya Surabaya,0,3
Lao League,Luangprabang FC,Master 7,1,1
Lao League,Viengchanh,Savannakhet,10,2
Lao League,Namtha United,Salavan United,1,2
Liga 2,Deltras,Persipal,3,1
Liga 2,Garudayaksa,PSMS Medan,2,1
Santosh Trophy,Assam,Uttarakhand,1,1
Santosh Trophy,Rajasthan,West Bengal,0,1
Tercera División RFEF - Group 13,Real Murcia II,El Palmar,0,0
Friendlies Clubs,Sokol Zápy,Králův Dvůr,5,4
Tipsport Liga,Malženice,Hanácká,1,4
Friendlies Clubs,Mura,Beltinci,1,1
1a Divisió,Esperança d'Andorra,Ordino,1,2
Campionato Primavera - 1,Atalanta U20,Frosinone U20,0,0
Campionato Primavera - 1,Juventus U20,Napoli U20,2,1
3. Lig - Group 1,1926 Polatlı Belediye,Etimesgut Belediyespor,0,1
3. Lig - Group 2,Yeşilyurt Belediyespor,12 Bingölspor,0,1
3. Lig - Group 2,Karaköprü Belediyespor,Mazıdağı Fosfatspor,0,0
3. Lig - Group 2,Kilis Belediyespor,Niğde Belediyesispor,0,5
3. Lig - Group 2,Kapadokyaspor,Kırıkkale Büyük Anadolu,1,1
3. Lig - Group 2,Türk Metal 1963,Kahramanmaraşspor,0,2
3. Lig - Group 3,Sebat Gençlikspor,Fatsa Belediyespor,2,0
3. Lig - Group 3,Amasyaspor 1968,Tokat Bld Plevnespor,1,1
3. Lig - Group 3,Çayelispor,Yeni Orduspor,0,2
3. Lig - Group 3,Yozgat Bld Bozokspor,Zonguldak Kömürspor,1,2
3. Lig - Group 3,1926 Bulancak,Giresunspor,3,1
3. Lig - Group 3,Karadeniz Ereğli BSK,Artvin Hopaspor,1,0
3. Lig - Group 4,Anadolu Üniversitesi,Söke 1970,1,0
3. Lig - Group 4,Alanya 1221 FK,Tire 2021 FK,1,1
Diski Challenge,AmaZulu U23,Golden Arrows U23,0,2
Diski Challenge,Orbit College U23,Chippa United U23,4,0
Premier League,Hadiya Hosaena,Welwalo Adigrat Uni,1,2
Premier League,Marsaxlokk,Tarxien Rainbows,2,1
Primeira Divisão,CPK,Gorilla of the Universe,6,2
Friendlies Clubs,Politehnica Iasi,Bucovina Rădăuţi,4,3
Friendlies Clubs,Chernomorets,Kaluga,4,1
Nasjonal U19 Champions League,Sogndal U19,Odd U19,2,7
Friendlies Clubs,Altglienicke,BFC Preussen,4,1
Friendlies Clubs,Bashkimi Kumanovo,Rudar,3,0
Friendlies Clubs,Budafoki LC,Krško,3,0
Friendlies Clubs,Slatina,CSM Targu Jiu,3,1
1. Lig,Hatayspor,Ümraniyespor,0,2
1. Lig,Sarıyer,Yeni Çorumspor,1,2
Segunda División RFEF - Group 2,Basconia,Ebro,1,1
Segunda División RFEF - Group 5,Getafe II,RSD Alcalá,3,0
Segunda División RFEF - Group 3,Ibiza Islas Pitiusas,Espanyol II,0,1
Tercera División RFEF - Group 7,Trival Valderas,Torrejón,2,1
Tercera División RFEF - Group 7,Villaverde-Boetticher,Carabanchel,0,0
Tercera División RFEF - Group 13,SFC Minerva,UCAM Murcia II,1,0
Tercera División RFEF - Group 5,Grama,Vilanova,0,0
Primera División Femenina,Espanyol W,Granad. Tenerife W,0,0
Primera División Femenina,Real Sociedad W,Eibar W,3,0
Primera División Femenina,Sevilla W,Levante W,4,2
Segunda Liga,FC Porto B,Vizela,1,0
Segunda Liga,Portimonense,Feirense,0,1
Campeonato de Portugal Prio - Group A,Monção,Camacha,2,1
Campeonato de Portugal Prio - Group A,Os Limianos,Machico,2,0
C-League,Boeung Ket,Angkor Tiger,0,1
C-League,Visakha,NagaWorld,1,1
C-League,Phnom Penh Crown,Kirivong Sok Sen Chey,3,1
Primera División RFEF - Group 2,Tarazona,Hércules,2,2
Primera División RFEF - Group 2,Juventud Torremolinos,Sevilla Atletico,2,0
Primera División RFEF - Group 1,Guadalajara,Ponferradina,0,1
Segunda División RFEF - Group 1,Racing Santander II,Langreo,1,2
Segunda División RFEF - Group 2,Deportivo Alavés II,Eibar II,2,0
Segunda División RFEF - Group 2,Ejea,Beasain,1,1
Segunda División RFEF - Group 2,Náxara,UD Logroñés,2,1
Segunda División RFEF - Group 2,Real Zaragoza II,Mutilvera,3,2
Segunda División RFEF - Group 4,Almería II,Real Jaén,1,1
Segunda División RFEF - Group 4,Estepona,Málaga II,3,1
Segunda División RFEF - Group 4,Linares Deportivo,Yeclano,2,1
Segunda División RFEF - Group 4,Melilla,La Unión Atlético,2,2
Segunda División RFEF - Group 5,Intercity,Real Madrid III,1,2
Segunda División RFEF - Group 5,Colonia Moscardó,Tenerife II,0,2
3. Lig - Group 4,Uşak Spor,Ayvalikgucu,0,2
Segunda División RFEF - Group 3,Andratx,Girona II,0,3
Segunda División RFEF - Group 3,Atlético Baleares,Torrent,5,1
Segunda División RFEF - Group 3,Atlètic Lleida,Porreres,2,0
Segunda División RFEF - Group 3,Sant Andreu,Terrassa,1,1
Tercera División RFEF - Group 1,Alondras,Villalbés,1,0
Tercera División RFEF - Group 2,Lenense,Real Titánico,2,0
Tercera División RFEF - Group 2,Navarro,L'Entregu,2,2
Tercera División RFEF - Group 2,San Martín,Llanera,0,1
Tercera División RFEF - Group 2,Praviano,Llanes,3,3
Tercera División RFEF - Group 2,Covadonga,Avilés Stadium,3,0
Tercera División RFEF - Group 2,Gijón Industrial,Sporting Gijón II,2,3
Tercera División RFEF - Group 3,Cayón,Montañas Pas,6,1
Tercera División RFEF - Group 4,Aurrerá Vitoria,Pasaia KE,3,1
Tercera División RFEF - Group 5,Can Vidalet,Montañesa,2,1
Tercera División RFEF - Group 5,Manresa,Vilassar Mar,1,0
Tercera División RFEF - Group 5,Cerdanyola del Vallès,Badalona,2,2
Tercera División RFEF - Group 5,L'Hospitalet,Mollerussa,0,0
Tercera División RFEF - Group 6,Villarreal III,Roda,4,1
Tercera División RFEF - Group 7,Las Rozas,SS Reyes II,1,0
Tercera División RFEF - Group 7,Pozuelo Alarcón,Alcorcón II,1,0
Tercera División RFEF - Group 7,Unión Adarve,Móstoles,0,2
Tercera División RFEF - Group 8,Palencia CF,Becerril Campos,2,1
Tercera División RFEF - Group 9,El Palo,Mancha Real,2,0
Tercera División RFEF - Group 9,UD San Pedro,Marbelli,1,0
Tercera División RFEF - Group 10,Tomares,Dos Hermanas,2,1
Tercera División RFEF - Group 10,Linense,Córdoba II,2,1
Tercera División RFEF - Group 10,San Roque Lepe,Castilleja,2,0
Tercera División RFEF - Group 11,Inter Ibiza,Platges Calvià,2,0
Tercera División RFEF - Group 11,Peña Deportiva,Portmany,2,0
Tercera División RFEF - Group 11,Mercadal,Santanyí,1,0
Tercera División RFEF - Group 13,Cartagena LU II,Balsicas Atlético,1,1
Tercera División RFEF - Group 13,Atlético Pulpileño,Águilas II,1,0
Tercera División RFEF - Group 14,Villanovense,Calamonte,3,0
Tercera División RFEF - Group 14,Montijo,Villafranca,0,1
Tercera División RFEF - Group 14,Badajoz,Santa Amalia,2,2
Tercera División RFEF - Group 16,Calahorra,Agoncillo,1,1
Tercera División RFEF - Group 16,Comillas,Haro Deportivo,3,1
Tercera División RFEF - Group 16,Varea,Berceo,1,0
Tercera División RFEF - Group 17,Almudévar,Cariñena,2,0
Tercera División RFEF - Group 17,Atlético Monzón,Calamocha,2,0
1a Divisão - Women,Damaiense W,Braga W,0,3
1a Divisão - Women,Marítimo W,Rio Ave W,2,1
1a Divisão - Women,Racing Power W,SL Benfica W,0,5
Segunda División RFEF - Group 3,Valencia II,Barbastro,1,1
Thai League 2,Rasi Salai United,Chainat,0,3
Thai League 2,Trat FC,Pattani,0,0
Thai League 1,Nakhon Ratchasima FC,Kanchanaburi,3,0
Thai League 1,Lamphun Warrior,Sukhothai FC,3,0
Friendlies Clubs,Silkeborg,Middelfart,8,2
Friendlies Clubs,Karlsruhe II,FC Astoria Walldorf,1,1
Friendlies Clubs,Heilbronn,SG Sonnenhof Grossaspach,2,12
Eredivisie,Telstar,AZ Alkmaar,0,1
Eredivisie Women,PSV/Eindhoven W,Utrecht W,3,0
Tercera División RFEF - Group 9,Alhaurino,Mijas Las Lagunas,1,1
Serie A,Sassuolo,Cremonese,1,0
Süper Lig,Gazişehir Gaziantep,Konyaspor,1,1
Premier League,Balestier Khalsa,Albirex Niigata S,0,4
Serie C - Girone B,Arezzo,Juventus U23,1,0
Serie C - Girone C,Team Altamura,Atalanta II,1,1
Tercera División RFEF - Group 1,Silva,Arosa,1,2
Tercera División RFEF - Group 1,Polvorín,Noia,0,0
Tercera División RFEF - Group 5,Tona,Lleida Esportiu,1,1
Tercera División RFEF - Group 9,Huétor Vega,Huétor Tájar,4,2
Tercera División RFEF - Group 10,Sevilla III,Chiclana,1,1
Tercera División RFEF - Group 11,Llosetense,Mallorca II,3,1
Tercera División RFEF - Group 14,Jerez,Jaraíz,2,2
Tercera División RFEF - Group 14,Cabeza Buey,Gévora,2,0
Tercera División RFEF - Group 14,Atlético Pueblonuevo,Don Benito,0,1
Tercera División RFEF - Group 18,San Clemente,Manchego,3,2
Gamma Ethniki - Group 3,Lefkimmi,Lamia,3,2
Serie A Women,AC Milan W,Ternana W,3,0
Serie A Women,Genoa W,Roma W,0,1
Thai League 2,Chiangmai United,Phrae United,1,0
Thai League 1,BG Pathum United,Uthai Thani,4,0
Premier League,Mbabane Swallows,Ubombo Sugar,2,0
Tercera División RFEF - Group 11,Constància,Formentera,2,1
FA WSL,Aston Villa W,Manchester United W,1,4
FA WSL,Liverpool W,Tottenham Hotspur W,2,0
FA WSL,London City Lionesses,Manchester City W,1,2
FA WSL,Leicester City WFC,West Ham W,1,2
NB I,Debreceni VSC,Diosgyori VTK,3,2
Championship,Portsmouth,Southampton,1,1
Liga 1,Persib Bandung,PSBS Biak Numfor,1,0
Campionato Primavera - 1,Cremonese U20,Lecce U20,1,2
Women's Championship,Crystal Palace W,Durham W,4,0
Segunda División RFEF - Group 1,Real Valladolid II,UD Ourense,2,3
Segunda División RFEF - Group 5,Las Palmas II,Navalcarnero,3,2
Premyer Liqa,Turan,Sumqayıt,2,1
3. Lig - Group 1,Yalova Yeşilovaspor,İnegöl Kafkas Gençlik,1,1
3. Lig - Group 1,Nilüfer Belediye,Çorluspor 1947,0,4
3. Lig - Group 1,Silivrispor,İnkılapspor,2,0
3. Lig - Group 1,Kestel Çilek,Çankaya FK,1,0
3. Lig - Group 3,Karabük İdman Yurdu,Düzcespor,1,0
3. Lig - Group 4,Afjet Afyonspor,Kütahyaspor,1,3
3. Lig - Group 4,Nazilli Spor,Eskişehirspor,0,8
Tercera División RFEF - Group 12,Telde,UD San Fernando,0,1
Tercera División RFEF - Group 12,Marino,San Bartolomé,1,1
Tercera División RFEF - Group 12,Mensajero,Tenerife C,1,1
Gamma Ethniki - Group 5,Karystos,Kentavros,0,2
FKF Premier League,KCB,Tusker,1,2
FKF Premier League,Ulinzi Stars,Murang'a SEAL,1,2
Liga 2,Tornado Pekanbaru,Persiku Kudus,0,0
Premier League,Adama Kenema,Mekelle Kenema,0,0
Thai League 2,Police Tero,Songkhla,1,1
Thai League 1,Muangthong United,Rayong FC,1,3
Friendlies Clubs,Vasalund,Arlanda,3,2
Ligue 1,JSK,Rangers,1,0
Friendlies Clubs,Lokomotiv Sofia,Zorya Luhansk,3,3
Friendlies Clubs,Barockstadt Fulda-Lehn.,FC Rot-Weiß Erfurt,0,2
Primeira Divisão,Chiba,Shao Jiang,0,2
Friendlies Clubs,Schott Mainz,AS Jeunesse Esch,4,0
Super League,MOFA,Nzoia Sugar,1,1
Super League,Darajani Gogo,Fortune Sacco,2,4
Super League,Migori Youth,Luanda Villa,4,0
Super League,3K,Nairobi City Stars,1,1
Super League,Soy United,Mwatate United,1,0
Premier League,Members,Bantu,0,1
1a Divisió,Atlètic Club d'Escaldes,Inter Club d'Escaldes,0,1
Premier League,Al Nejmeh,Al Ansar,0,0
Jupiler Pro League,Antwerp,Charleroi,0,2
Liga I,Petrolul Ploiesti,Farul Constanta,0,1
2. Bundesliga,SV Elversberg,VfL Bochum,1,1
2. Bundesliga,SC Paderborn 07,Preußen Münster,2,1
2. Bundesliga,FC Schalke 04,1. FC Kaiserslautern,2,2
3. Liga,Waldhof Mannheim,Hansa Rostock,0,4
1st Division,Apolonia Fier,Lushnja,0,0
Superliga,Teuta Durrës,Vora,1,1
Superliga,Tirana,Flamurtari,1,0
Tercera División RFEF - Group 12,Lanzarote,Tenisca,1,0
Friendlies Clubs,Slavia Sofia,FK Tobol Kostanay,0,1
Friendlies Clubs,Botev Vratsa,Vejle,1,1
2. Division,Nea Salamis,PAEEK,4,1
2. Division,Digenis Morphou,APEA,1,1
Friendlies Women,Uruguay U20 W,Ecuador U20 W,1,0
Friendlies Clubs,Tampere United,FC jazz,4,1
Super League,FC Thun,BSC Young Boys,4,1
La Liga,Atletico Madrid,Mallorca,3,0
Segunda División,FC Andorra,Huesca,1,1
1. Lig,Sivasspor,Amed,1,1
Frauen Bundesliga,Werder Bremen W,Nürnberg,1,1
Regionalliga - West,Bochum II,Fortuna Köln,0,1
Derde Divisie - Saturday,Hercules,VV Scherpenzeel,1,1
Derde Divisie - Sunday,Gemert,TOGB,3,0
Derde Divisie - Sunday,UDI '19,Groene Ster,2,2
2. Frauen Bundesliga,Viktoria Berlin W,Borussia Monchengladbach W,1,0
Ligi kuu Bara,Tanzania Prisons,JKT Tanzania,0,0
Super League 2,Marko,Panargiakos,1,0
Super League 2,Panionios,Kissamikos,3,0
Super League 2,Kallithea,Ilioupoli,1,1
Super League 2,Ellas Syros,Kalamata,1,2
Gamma Ethniki - Group 1,Panthrakikos,Poseidon Nea Michaniona,3,1
Gamma Ethniki - Group 1,Kilkisiakos,PAOK Dytiko,5,2
Gamma Ethniki - Group 1,Doxa Dramas,Orestis Orestiadas,5,2
Gamma Ethniki - Group 1,Xanthi FC,Aetos Orfani,3,1
Gamma Ethniki - Group 1,Iraklis Therm.,Thermaikos Thermis,1,1
Gamma Ethniki - Group 2,Pierikos,Sarakinos,3,2
Gamma Ethniki - Group 2,Eordaikos,Veria,0,2
Gamma Ethniki - Group 2,Alexandreia,Kozani,0,0
Gamma Ethniki - Group 2,Ethnikos Neou Keramidiou,Ermis Exochi,5,1
Gamma Ethniki - Group 2,Evosmou,Akrites Sykeon,0,3
Gamma Ethniki - Group 2,Asteras Kard.,Apollon Pontou,0,1
Gamma Ethniki - Group 3,Anagennisi Artas,Nea Selefkia,1,1
Gamma Ethniki - Group 3,Trikala,A. Schimatari,2,1
Gamma Ethniki - Group 3,Aris Filiates,Anthoupoli,1,0
Gamma Ethniki - Group 3,Tilikratis,Elassona,1,1
Gamma Ethniki - Group 4,Korinthos,Thyella Patras,2,1
Gamma Ethniki - Group 4,Zakynthos,Ermis Meligous,3,0
Gamma Ethniki - Group 4,Panachaiki FC,Pelopas Kiatou,1,3
Gamma Ethniki - Group 4,Panthouriakos,Loutraki,2,0
Gamma Ethniki - Group 4,Pyrgos 1968,Miltiadis Pyrgos,2,0
Gamma Ethniki - Group 4,Pangytheatikos,Panegialios,0,5
Gamma Ethniki - Group 5,Vyrona,Apollon Kalyt.,0,0
Gamma Ethniki - Group 5,Nea Ionia,Asteras Kaisarianis,0,1
Gamma Ethniki - Group 6,Ilisiakos,Thyella Diastavroseos,0,0
Gamma Ethniki - Group 6,Chaidari,Ethnikos Piraeus,1,2
Gamma Ethniki - Group 6,Saronikos Anavyssou,Ionikos,1,1
Gamma Ethniki - Group 6,Atsalenios,Graniths Agias Marinas,4,1
Super League 2,Olympiakos Piraeus II,Egaleo,2,1
FKF Premier League,Sofapaka,AFC Leopards,0,1
Gamma Ethniki - Group 1,Apollon Krya Vrysi,PAO Kristoni,1,1
Premier League,Arba Minch Kenema,Fasil Ketema,2,3
CAF Champions League,Saint Eloi Lupopo,MC Alger,1,0
CAF Confederation Cup,Nairobi United,Azam,1,2
CAF Confederation Cup,ZESCO United,Kaizer Chiefs,0,1
Challenge League,Neuchatel Xamax FC,Yverdon Sport,1,2
Ligue A,Aigle Noir,Inter Star,2,1
Ligue A,Bumamuru,Royal Vision,3,1
Ligue A,Flambeau du Centre,Le Messager Ngozi,1,0
Ligue A,Kayanza United,Green Farmers FC,3,0
Ligue A,Ngozi City,Vital'O,0,1
Goiano - 1,Inhumas,Centro Oeste,2,2
Paulista - A3,Francana,Catanduva,0,1
Ligue 1,CS Manika,Tanganyika,0,0
Friendlies Clubs,Levski Sofia,AS Trencin,2,1
Brasiliense,Sobradinho EC,ARUC,2,1
Friendlies Clubs,Polonia Warszawa,LNZ Cherkasy,0,2
Friendlies Clubs,SCR Altach,FC Schaffhausen,4,2
Friendlies Clubs,Pirmasens,US Rumelange,2,3
Premier League,Sliema Wanderers,Hibernians,1,3
Malaysia Cup,Negeri Sembilan,Imigresen,1,0
League,Al Buqa'a,Al Ahli,0,0
Ligue 2,MO Constantine,US Biskra,0,2
Friendlies Clubs,Kauno Žalgiris,Zhenys,1,2
Friendlies Clubs,CSKA Moscow,Dinamo Samarqand,3,4
Super League,Kisumu All Stars,MCF,2,1
Ligue 2,Kalaâ Sport,EO Sidi Bouzid,0,1
Ligue 2,Moknine,Bouchamma,1,0
Ligue 2,AS Agareb,CS Chebba,2,3
Ligue 2,Bouselem,Menzel Bourguiba,2,1
Ligue 2,BS Bouhajla,Kerkennah,1,0
Ligue 2,EM Mahdia,ES Hammam-Sousse,0,3
Ligue 2,M'saken,US Tataouine,0,1
Ligue 2,Sfax Railways,Mégrine,3,0
Ligue 2,Sporting Ben Arous,CS Hammam-Lif,1,2
Premier League,Ezulwini United,Moneni Pirates,1,3
Premier League,Sisonkhe,Royal Leopards,0,4
Obos Supercup,Bærum,Lørenskog,2,2
Elite One,Gazelle,Aigle Royal de Moungo,1,0
Friendlies Clubs,FC 08 Homburg,Jeunesse Canach,6,0
Professional League,Al-Shabab,Dhofar,2,0
Professional League,Ibri,Al-Rustaq,1,2
Sudani Premier League,Haidob En Nahud,Hilal El-Fasher,0,1
Eredivisie,Groningen,Fortuna Sittard,1,2
First Amateur Division,Habay-la-Neuve,Albert Quévy-Mons,0,0
First Amateur Division,Union Namur,Excelsior Virton,2,5
First Amateur Division,Stockay-Warfusée,Rochefort,0,3
National 2 - Group B,Chantilly,Bastia-Borgo,0,1
National 3 - Group A,SAG Cestas,Pau II,1,2
National 3 - Group F,Strasbourg II,Thonon Évian,0,0
National 3 - Group F,Sochaux II,Besançon,0,0
National 3 - Group D,Versailles II,Sainte Geneviève,0,1
National 3 - Group E,Neuilly sur Marne,Vimy,1,3
National 3 - Group E,Amiens SC II,Croix Football IC,1,2
Premier Soccer League,Amazulu,TS Galaxy,3,2
Derde Divisie - Sunday,GOES,Roosendaal,1,4
Serie C - Girone A,Giana Erminio,Arzignano Valchiampo,2,1
Serie C - Girone A,Novara,Pro Patria,3,1
Serie C - Girone B,Ascoli,Perugia,2,1
Serie C - Girone C,Sorrento,Salernitana,0,2
Serie C - Girone C,Casertana,Trapani 1905,0,1
Serie C - Girone C,Catania,Cosenza,2,0
1st Division,Hungry Lions,Black Leopards,2,0
1st Division,Leicesterfield,The Bees,2,1
Second Amateur Division - ACFF,Aywaille,Entité Manageoise,4,1
Second Amateur Division - ACFF,Flénu,Acren-Lessines,2,3
Second Amateur Division - VFV A,HO Kalken,VW Hamme,1,1
Second Amateur Division - VFV B,Rupel Boom,Berchem Sport,3,2
Second Amateur Division - VFV B,Sint-Truiden II,Heist,2,6
Serie D - Girone A,Gozzano,Sanremese,0,1
Serie D - Girone A,Club Milano,Saluzzo,2,0
Serie D - Girone A,Vado,Celle Varazze,1,0
Serie D - Girone A,Valenzana,Asti,1,0
Serie D - Girone A,Chisola,Biellese,0,1
Serie D - Girone A,Cairese,Città di Varese,1,1
Serie D - Girone B,Milan II,USD Casatese,2,3
Serie D - Girone B,Virtus Ciserano Bergamo,Chievo,0,2
Serie D - Girone B,Sondrio,Villa Valle,0,1
Serie D - Girone B,Caldiero Terme,Leon Monza e Brianza,3,0
Serie D - Girone B,Real Calepina,Varesina,2,0
Serie D - Girone B,Oltrepò,Castellanzese,2,0
Serie D - Girone B,Breno,Pavia,2,2
Serie D - Girone B,Folgore Caratese,Vogherese,5,0
Serie D - Girone B,Brusaporto,Scanzorosciate,0,2
Serie D - Girone C,Este,Mestre,0,0
Serie D - Girone C,Portogruaro,San Luigi,0,2
Serie D - Girone C,Bassano Virtus,Altavilla,0,0
Serie D - Girone C,Calvi Noale,Luparense,0,1
Serie D - Girone C,Campodarsego,Treviso,0,0
Serie D - Girone C,Brian Lignano,Legnago Salus,2,2
Serie D - Girone C,Adriese,FC Obermais,0,0
Serie D - Girone C,Cjarlins Muzane,Clodiense,0,1
Serie D - Girone C,Vigasio,Conegliano,0,2
Serie D - Girone D,Sant'Angelo,Pro Sesto,1,1
Serie D - Girone D,Tuttocuoio,Cittadella Vis Modena,0,0
Serie D - Girone D,Piacenza,Rovato Vertovese,1,0
Serie D - Girone D,Lentigione,Coriano,2,0
Serie D - Girone D,Progresso,Crema,0,1
Serie D - Girone D,Correggese,Desenzano Calvina,1,2
Serie D - Girone D,Trevigliese,Sasso Marconi Zola,0,0
Serie D - Girone D,Pistoiese,Sangiuliano City,3,1
Serie D - Girone E,Prato,Tau Altopascio,2,2
Serie D - Girone E,Seravezza,Montevarchi Calcio,1,1
Serie D - Girone E,Ghivizzano Borgo Mozzano,Orvietana Calcio,1,1
Serie D - Girone E,San Donato Tavarnelle,Camaiore,0,2
Serie D - Girone E,Robur Siena,Scandicci,0,1
Serie D - Girone E,Foligno Calcio,Sporting Trestina,3,1
Serie D - Girone E,Grosseto,Cannara,6,0
Serie D - Girone E,Terranuova Traiana,Gavorrano,1,0
Serie D - Girone E,Sansepolcro,Poggibonsi,0,0
Serie D - Girone F,Victor San Marino,Ancona,0,2
Serie D - Girone F,Atletico Ascoli,Termoli Calcio,1,1
Serie D - Girone F,Castelfidardo Calcio,Notaresco,2,0
Serie D - Girone F,Chieti,Teramo,0,3
Serie D - Girone F,Recanatese,L'Aquila,0,2
Serie D - Girone F,Unipomezia,Sammaurese,1,1
Serie D - Girone F,Real Giulianova,Fossombrone,3,0
Serie D - Girone G,Atletico Lodigiani,Olbia,2,0
Serie D - Girone G,Montespaccato,Trastevere,1,2
Serie D - Girone G,Real Monterotondo,Ischia,3,2
Serie D - Girone G,USD Palmese,Albalonga,1,0
Serie D - Girone G,Budoni,Scafatese,0,1
Serie D - Girone G,Valmontone,Latte Dolce,1,2
Serie D - Girone G,Sarrabus Ogliastra,Flaminia,0,2
Serie D - Girone G,Cassino,Monastir,1,0
Serie D - Girone H,Sarnese,Manfredonia,1,1
Serie D - Girone H,Francavilla,Barletta,0,1
Serie D - Girone H,Nola 1925,Città di Fasano,1,2
Serie D - Girone H,Pompei,Afragolese,0,2
Serie D - Girone I,CastrumFavara,Nissa,0,1
Serie D - Girone I,Vibonese,Sambiase,2,0
Serie D - Girone I,Vigor Lamezia,Gela,2,0
Serie D - Girone I,Gelbison,Reggina,0,1
Premier League,Al Nasar,Al Shabab,1,1
Serie A,Atalanta,Parma,4,0
Serie A,Genoa,Bologna,3,2
Premier League,Brentford,Nottingham Forest,0,2
Premier League,Crystal Palace,Chelsea,1,3
Premier League,Newcastle,Aston Villa,0,2
NB I,Kazincbarcikai,Zalaegerszegi TE,0,1
HNL,HNK Hajduk Split,Istra 1961,1,2
Ligue 1,Nantes,Nice,1,4
Süper Lig,Antalyaspor,Genclerbirligi,2,1
Süper Lig,Rizespor,Alanyaspor,1,1
Segunda Liga,Torreense,Farense,2,1
Super League 1,Aris Thessalonikis,Levadiakos,2,2
Campionato Primavera - 1,Monza U20,Lazio U20,0,1
Oberliga - Westfalen,Arminia II,Ennepetal,5,2
Campeonato de Portugal Prio - Group C,Peniche,Lajense,2,2
1. Division,Anorthosis,AEL,2,1
First Amateur Division,Crossing Schaerbeek,Union Saint-Gilloise II,1,3
First Amateur Division,Cercle Brugge II,Hoogstraten,1,0
First Amateur Division,Oud-Heverlee Leuven II,Spouwen-Mopertingen,1,2
First Amateur Division,Merelbeke,Diegem Sport,1,1
Women's Championship,Charlton Athletic W,Newcastle United W,2,1
Women's Championship,Ipswich Town W,Bristol City W,1,1
Women's Championship,Nottingham Forest W,Sheffield United W,1,0
Women's Championship,Sunderland W,Southampton W,1,0
Campionato,Domagnano,Cosmos,0,3
Campionato,San Marino Academy,Tre Penne,2,3
Campionato,Virtus,Pennarossa,3,1
Serie B,Sudtirol,Padova,3,0
National 3 - Group A,Toulouse II,Alberes Argelès,1,3
National 3 - Group B,Nantes II,Panazol,1,0
National 3 - Group E,Metz II,Le Pays du Valois,0,1
Premier League 2 Division One,Liverpool U21,Leeds United U21,2,1
NPFL,El Kanemi Warriors,Ikorodu City,1,0
3. Lig - Group 3,Orduspor 1967,Pazarspor,0,0
3. Lig - Group 4,Altay,Denizli İYG,1,0
3. Lig - Group 4,Balıkesirspor,Karsiyaka,2,1
Second Amateur Division - ACFF,Jette,Ganshoren,0,0
Second Amateur Division - ACFF,RUS Binche,Richelle United,0,0
Second Amateur Division - VFV A,Westhoek,Gullegem,1,0
Second Amateur Division - VFV A,Torhout,RFC Wetteren,3,2
Second Amateur Division - VFV A,Harelbeke,Sparta Petegem,1,3
Second Amateur Division - VFV B,Londerzeel,Berg en Dal,1,0
Serie D - Girone A,Sestri Levante,Imperia,4,0
Serie D - Girone A,Ligorna,Derthona,1,0
Serie D - Girone A,Lavagnese,NovaRomentin,2,2
Serie D - Girone D,Pro Palazzolo,Imolese,0,0
Serie D - Girone F,Vigor Senigallia,Ostia Mare,1,1
Serie D - Girone F,Maceratese,Sora,1,2
Serie D - Girone G,Nocerina,Anzio,0,0
Serie D - Girone H,Nardò,Real Normanna,1,0
Serie D - Girone H,Virtus Francavilla,Ferrandina,2,2
Serie D - Girone H,Heraclea,Gravina,2,2
Serie D - Girone I,Messina,Acireale,2,1
Serie D - Girone I,Ragusa,Paternò,5,1
Serie D - Girone I,Igea Virtus,AC Palermo,1,0
Serie D - Girone I,Sancataldese,Milazzo,1,2
Serie D - Girone I,Savoia,Enna,2,2
Serie A Women,Como W,Inter Milano W,2,3
Serie A Women,Sassuolo W,Napoli W,0,2
Botola 2,Racing de Casablanca,Wydad Fès,0,0
Botola 2,Union Sportive Boujaad,USM Oujda,2,2
Botola 2,Mouloudia Oujda,KAC Kenitra,1,1
Botola 2,Riadi Salmi,Amal Tiznit,1,1
Friendlies Clubs,AIK Stockholm,Flora Tallinn,1,0
Friendlies Clubs,Zeljeznicar Sarajevo,Zemplín Michalovce,3,0
Ligue 1,Dauphins Noirs,New Jack,2,0
Friendlies Clubs,Monheim,Bornheim,4,2
Friendlies Clubs,Schonnebeck,Sprockhovel,3,1
Friendlies Clubs,Dynamo Kyiv,Malisheva,8,1
Friendlies Clubs,Enisey,Nasaf,6,1
Premier League,Lioli,Liphakoe,0,0
Premier League,Matlama,Manonyane,4,1
Premier League,Manzini Wanderers,Rangers FC,0,2
São Paulo Youth Cup,Cruzeiro U20,São Paulo U20,2,1
Bundesliga,Borussia Mönchengladbach,VfB Stuttgart,0,3
Premyer Liqa,Sabah FA,Karvan,4,1
NPFL,Barau FC,Bayelsa United,1,1
NPFL,Katsina United,Plateau United,0,0
Serie D - Girone H,Real Acerrana,Paganese,0,1
Girabola,Desportivo Huíla,CD Lunda-Sul,0,1
Girabola,1º de Maio,Académica do Lobito,0,1
Friendlies Clubs,Karviná,Opava,3,1
Friendlies Clubs,Miedz Legnica,Epitsentr Dunayivtsi,1,2
Friendlies Clubs,Victoria Rosport,Eintracht Trier,0,3
Premier League,Maroala,Majantja,0,0
Elite One,Canon,Stade Renard,0,0
Elite One,Dynamo de Douala,Fortuna Mfou,4,2
Elite One,Panthère,Jeunes Fauves,2,0
Elite One,Victoria United,PWD Bamenda,3,0
Friendlies Clubs,TPV,Atlantis,3,2
Professional League,Al Nasr,Bahla,3,2
Jupiler Pro League,Genk,Cercle Brugge,1,1
Premiership,Heart Of Midlothian,Celtic,2,2
Premiership,Rangers,Dundee,3,0
Challenger Pro League,KAA Gent II,Francs Borains,1,0
Challenger Pro League,SK Beveren,K. Lierse S.K.,1,0
1a Divisió,FC Santa Coloma,UE Santa Coloma,1,2
Primera División Femenina,Edf Logrono W,Deportivo de La Coruña W,0,4
Frauen Bundesliga,Hamburger SV W,SGS Essen W,2,1
Campeonato de Portugal Prio - Group A,Ribeira Brava,Celoricense,0,3
Campeonato de Portugal Prio - Group A,Tirsense,AR São Martinho,3,1
Campeonato de Portugal Prio - Group A,Mirandela,Vilaverdense,0,2
Campeonato de Portugal Prio - Group A,Vianense,Bragança,2,3
Campeonato de Portugal Prio - Group A,Chaves II,Brito,0,1
Campeonato de Portugal Prio - Group B,Aparecida,Gouveia,3,0
Campeonato de Portugal Prio - Group B,Leça,Cinfães,2,0
Campeonato de Portugal Prio - Group B,Salgueiros,Beira-Mar,0,0
Campeonato de Portugal Prio - Group B,Resende,Anadia,0,1
Campeonato de Portugal Prio - Group C,Marinhense,Fátima,2,1
Campeonato de Portugal Prio - Group C,Benfica Castelo Branco,Os Marialvas,0,1
Campeonato de Portugal Prio - Group C,Eléctrico,Vitória de Sernache,0,1
Campeonato de Portugal Prio - Group C,UD da Serra,Naval 1893,2,0
Campeonato de Portugal Prio - Group C,Oliveira Hospital,Samora Correir,4,0
Campeonato de Portugal Prio - Group D,Atlético Malveira,FC Alverca II,1,2
Campeonato de Portugal Prio - Group D,Comércio Indústria,FC Serpa,1,2
Campeonato de Portugal Prio - Group D,Portimonense B,O Elvas,0,0
Campeonato de Portugal Prio - Group D,Sintrense,Juventude Évora,2,1
Campeonato de Portugal Prio - Group D,Vasco da Gama Vidigueira,Oriental Lisboa,1,1
Primera División Femenina,Madrid CFF W,FC Levante Badalona,0,1
Liga 3,Amarante,Trofense,1,1
Liga 3,AD Marco 09,Varzim,1,3
Liga 3,Sanjoanense,Guimaraes B,2,3
Liga 3,São João Ver,Paredes,1,2
Liga 3,Fafe,SC Braga B,2,2
Primera División RFEF - Group 1,Ourense CF,Cacereño,0,1
Primera División RFEF - Group 1,Tenerife,Real Madrid II,4,2
Segunda División RFEF - Group 1,Lealtad,Real Ávila,0,1
Segunda División RFEF - Group 5,Conquense,Quintanar del Rey,2,1
Premier League 2 Division One,Everton U21,Manchester City U21,3,2
2. Lig,Belediye Derincespor,Yeni Malatyaspor,3,0
NPFL,Abia Warriors,Nasarawa United,1,2
NPFL,Niger Tornadoes,Enyimba,2,0
NPFL,Wikki Tourist,Kano Pillars,2,0
NPFL,Enugu Rangers,Warri Wolves,4,2
NPFL,Shooting Stars,Bendel Insurance,1,0
Serie D - Girone H,Fidelis Andria,Martina Franca,1,2
Tercera División RFEF - Group 1,Celta de Vigo III,Atlético Arteixo,2,0
Tercera División RFEF - Group 7,Leganés II,AD Parla,2,0
Tercera División RFEF - Group 10,Recreativo Huelva,Ceuta II,2,0
Tercera División RFEF - Group 16,Peña Balsamaiso,Autol,1,1
Tercera División RFEF - Group 17,La Almunia,UD Casetas,2,2
Tercera División RFEF - Group 17,CDJ Tamarite,Huesca II,1,3
Tercera División RFEF - Group 17,Belchite 97,Caspe,1,1
Premier League,Berekum Chelsea,Bibiani Gold Stars,2,0
Premier League,Medeama,Karela,3,1
Premier League,Swedru All Blacks,Aduana Stars,0,2
Premier League,Hohoe United,Vision,2,2
Premier League,Samartex,Nations,2,0
Premier League,Bechem United,Heart of Lions,1,0
Premier League,Dreams,Young Apostles,1,1
Girabola,Wiliete,Kabuscorp,0,2
Division One League,Ebusua Dwarfs,Ashanti Gold,2,0
Division One League,Hakla SC,Great Olympics,0,0
Division One League,Koforidua,Accra Lions,0,1
Division One League,PAC Academy,Rospak,1,1
Division One League,Port City,Golden Kicks,1,0
Division One League,Real Tamale,TF Exponential,1,0
Division One League,Sefwi All Stars,Ebony FC,1,0
Division One League,Eleven Wise,Elmina Sharks,2,2
Division One League,Soccer Intellectuals,Skyy,1,0
Division One League,Techiman Liberty,Berekum Arsenal,3,2
Division One League,WAFA,True Democracy,1,0
Division One League,Wa Power,Tamale City,1,1
Division One League,Yapei,Sankara Nationals,1,0
Premier League,Bahardar,Awassa Kenema,0,0
Championnat National,ASVO,ASPAC,0,1
Championnat National,Buffles,Damissa,0,0
Championnat National,Coton Sport Ouidah,AS Cotonou,1,1
Championnat National,Dadjè,AS Sobemap,1,2
Campeonato de Portugal Prio - Group B,Florgrade,Vila Meã,2,2
Campeonato de Portugal Prio - Group B,Vila Real,Alpendorada,1,1
Botola Pro,CR Khemis Zemamra,CODM Meknès,1,2
Elite One,Cotonsport,Colombe,0,0
La Liga,Barcelona,Oviedo,3,0
Segunda División,Eibar,Almeria,1,0
Tercera División RFEF - Group 2,Tuilla,Ceares,1,1
Tercera División RFEF - Group 6,Castellonense,Torrellano,1,1
Pro League,Al Najma,Al-Qadisiyah FC,1,3
Super League,FC ST. Gallen,Servette FC,2,4
Super League,FC Zurich,FC Basel 1893,3,4
3. Liga,VfL Osnabrück,TSV 1860 München,1,1
Primeira Liga,Nacional,Rio Ave,4,0
Segunda Liga,Oliveirense,Penafiel,2,1
Superliga,AF Elbasani,Dinamo Tirana,2,0
Segunda División RFEF - Group 1,Burgos Promesas,Sarriana,0,2
Premier Division,St Joseph S Fc,Hound Dogs,6,0
Tercera División RFEF - Group 1,Celtiga,Coruña,1,1
Tercera División RFEF - Group 1,Cambados,Somozas,0,1
Tercera División RFEF - Group 5,Peralada,Cornellà,3,0
Tercera División RFEF - Group 6,Soneja,Vall de Uxó,1,0
Tercera División RFEF - Group 7,Galapagar,Racing Madrid,3,0
Tercera División RFEF - Group 8,Almazán,Arandina,1,3
Tercera División RFEF - Group 8,Guijuelo,La Virgen del Camino,3,1
Tercera División RFEF - Group 14,Montehermoso,Puebla Calzada,1,0
Tercera División RFEF - Group 14,Llerenense,Azuaga,0,0
Tercera División RFEF - Group 15,Subiza,Avance Ezcabarte,0,1
Tercera División RFEF - Group 15,Cirbonero,Beti Kozkor,3,2
Tercera División RFEF - Group 16,Arnedo,Pradejón,2,1
Tercera División RFEF - Group 17,Andorra CF,Illueca,1,1
Tercera División RFEF - Group 17,Épila,Binéfar,1,0
Tercera División RFEF - Group 17,Utrillas,Cuarte,0,2
Tercera División RFEF - Group 18,Pedroñeras,Albacete II,0,1
Tercera División RFEF - Group 18,Marchamalo,Huracán Balazote,3,1
Tercera División RFEF - Group 18,Azuqueca,Cazalegas,0,1
Premier League,Asante Kotoko,Basake Holy Stars,3,0
Ligue 1,CFFEB,ASFB,0,3
Ligue 1,SONABEL,Etoile Filante,0,0
Ligue 1,RC Bobo-Dioulasso,Majestic,1,1
Ligue 1,Sporting Cascades,RCK,0,0
Premier League,Floriana,Mosta,2,1
League,Al Wihdat,Sama Al Sarhan,2,0
Eredivisie,Feyenoord,Heracles,4,2
Eredivisie,Utrecht,Sparta Rotterdam,0,1
Eredivisie Women,ADO Den Haag W,Ajax W,0,3
Eredivisie Women,AZ,Twente W,0,4
Eredivisie Women,Excelsior W,Heerenveen W,2,4
Eredivisie Women,NAC Breda W,PEC Zwolle W,1,2
Tercera División RFEF - Group 1,Barbadás,Viveiro,0,1
Tercera División RFEF - Group 18,Sonseca,Guadalajara II,1,0
Eredivisie Women,Hera United W,Feyenoord W,0,1
Premier League,Kazma,Al Jahra,2,1
1. Lig,Manisa BBSK,İstanbulspor,1,0
Super League 1,OFI,Panetolikos,1,0
Premier Soccer League,Durban City,Polokwane City,1,0
Segunda División RFEF - Group 1,Bergantiños,Marino de Luanco,0,1
Segunda División RFEF - Group 1,Gimnástica Segoviana,Numancia,0,0
Segunda División RFEF - Group 2,Alfaro,Gernika,0,2
Segunda División RFEF - Group 4,Antoniano,Xerez,3,2
Segunda División RFEF - Group 4,Extremadura 1924,Puente Genil,3,1
Segunda División RFEF - Group 4,Xerez Deportivo,Ucam Murcia,1,2
Segunda División RFEF - Group 5,CD Coria,Rayo Majadahonda,0,1
Segunda División RFEF - Group 5,Orihuela,Elche II,1,1
3. Lig - Group 4,İzmir Çoruhlu FK,Bornova 1877,0,1
Segunda División RFEF - Group 3,Alcoyano,Olot,0,2
Segunda División RFEF - Group 3,Reddis,Castellón II,2,3
Tercera División RFEF - Group 1,Barco,Compostela,2,0
Tercera División RFEF - Group 1,Boiro,Estradense,1,2
Tercera División RFEF - Group 5,Europa II,L'Escala,3,1
Tercera División RFEF - Group 6,Saguntino,Atzeneta,0,1
Tercera División RFEF - Group 6,Ontinyent 1931,RC Catarroja,0,0
Tercera División RFEF - Group 6,La Nucía,Jove Español,1,0
Tercera División RFEF - Group 7,A Madrid III,Tres Cantos,1,0
Tercera División RFEF - Group 10,Pozoblanco,Coria CF,1,1
Tercera División RFEF - Group 10,Bollullos,Conil,1,1
Tercera División RFEF - Group 11,Cardassar,Alcúdia,0,1
Tercera División RFEF - Group 13,Olímpico Totana,Unión Molinense,1,2
Tercera División RFEF - Group 13,Bala Azul,Santa Cruz,0,1
Tercera División RFEF - Group 13,Cieza,Santomera,5,0
Tercera División RFEF - Group 14,Moralo,Diocesano,4,1
Tercera División RFEF - Group 16,La Calzada,UD Logroñés II,0,1
Tercera División RFEF - Group 16,Vianés,Anguiano,1,3
Tercera División RFEF - Group 16,San Marcial,Oyonesa,1,2
Tercera División RFEF - Group 18,Calvo Sotelo,Villarrobledo,0,0
Ligi kuu Bara,Mtibwa Sugar,Pamba Jiji,1,0
CAF Champions League,Stade Malien Bamako,Petro de Luanda,2,0
CAF Confederation Cup,San-Pédro,Olympique Safi,1,2
CAF Confederation Cup,Singida Black Stars,Otôho d'Oyo,1,0
Premier League,Nouakchott King's,Gendrim,2,0
Friendlies Clubs,Wolfsberger AC,Aluminij,3,2
LFA First Division,BEA Mountain,LPRC Oilers,2,0
LFA First Division,Black Man Warrior,Paynesville,0,1
LFA First Division,Heaven Eleven,Downtown,2,2
LFA First Division,LISCR,Gardnersville,2,0
LFA First Division,Wologizi,Watanga,1,1
Professional League,Oman Club,Saham,0,1
Ligue 1,Stade Brestois 29,Toulouse,0,2
Ligue 1,Metz,Lyon,2,5
Ligue 1,Paris FC,Angers,0,0
Serie B,Catanzaro,Sampdoria,0,0
Premier League,Arsenal,Manchester United,2,3
Bundesliga,SC Freiburg,1. FC Köln,2,1
Segunda División RFEF - Group 4,Águilas,Deportiva Minera,0,1
Serie C - Girone A,Alcione,Dolomiti Bellunesi,5,0
Serie C - Girone A,Pergolettese,Ospitaletto,1,0
Serie C - Girone B,Livorno,Vis Pesaro,2,1
Serie C - Girone B,Gubbio,Forli,2,0
Serie C - Girone B,Pineto,Campobasso FC,1,0
Tercera División RFEF - Group 2,Siero,Colunga,1,1
Tercera División RFEF - Group 10,Ciudad de Lucena,Atlético Central,2,1
Ligue 1,AS Camberene,Génération Foot,1,2
Ligue 1,Casa Sport,Sonacos,3,0
Ligue 1,Guédiawaye,AJEL,0,1
Ligue 1,Jaraaf,Pikine,0,1
Ligue 1,La Linguère,HLM,0,0
Ligue 1,Stade de Mbour,DSC,0,0
Ligue 1,Teungueth,Wally Daan,0,0
HNL,NK Osijek,Dinamo Zagreb,0,3
Serie A,Juventus,Napoli,3,0
Süper Lig,Fenerbahçe,Göztepe,1,1
Primera División Femenina,Granada,Alhama,2,0
1. Division,Pafos,AEK Larnaca,1,2
1. Division,Aris,Omonia Nicosia,3,5
Segunda División RFEF - Group 4,Lorca Deportiva,Recreativo Huelva,0,0
Liga Premier Serie B,Caja Oblatos CFD,Poza Rica,0,2
Tercera División RFEF - Group 2,Caudal,Mosconia,1,3
Tercera División RFEF - Group 9,Motril,Torreperogil,4,1
Liga de Ascenso,Deportivo Upala,Inter San Carlos,1,1
Liga de Ascenso,Santa Ana,Pitbulls Santa Barbara FC,1,2
Liga Nacional,Aurora,Municipal,2,2
Friendlies Clubs,Tammeka,Tallinna Kalev,0,3
Botola Pro,UTS Rabat,Raja Casablanca,1,1
NB I,Ferencvarosi TC,Gyori ETO FC,1,3
Primera División RFEF - Group 2,Eldense,Teruel,2,0
Primera División RFEF - Group 1,Athletic Club II,Barakaldo,2,0
Primera División RFEF - Group 1,Real Avilés,Lugo,1,2
Tercera División RFEF - Group 6,Crevillente,Alzira,2,0
Tercera División RFEF - Group 9,Atlético Porcuna,Churriana Vega,0,0
Tercera División RFEF - Group 9,Ciudad de Torredonjimeno,Martos,1,0
Jupiler Pro League,Anderlecht,Dender,0,0
La Liga,Real Sociedad,Celta Vigo,3,1
Segunda División,Zaragoza,Castellón,0,0
Super League 1,Atromitos,Panathinaikos,0,0
Frauen Bundesliga,Bayern Munich W,RB Leipzig W,3,0
Campeonato de Portugal Prio - Group B,Rebordosa,União Lamas,2,2
Pro League,Al Riyadh,Al-Hilal Saudi FC,1,1
Pro League,Al-Fayha,Al-Fateh,2,0
Liga I,FCSB,CFR 1907 Cluj,1,4
Primeira Liga,Benfica,Estrela,4,0
Primeira Liga,Famalicao,Tondela,3,0
Liga MX Femenil,Puebla W,Guadalajara W,1,3
Liga MX Femenil,Pumas UNAM W,Santos Laguna W,1,0
Liga de Expansión MX,Leones Negros UDG,Correcaminos Uat,0,0
Pernambucano - 1,Maguary PE,Decisão,3,4
Potiguar,Laguna,Globo,5,1
Capixaba,Rio Branco-VN,Forte FC,0,0
Premier League,Gzira United,Birkirkara,2,0
Jupiler Pro League,KV Mechelen,KVC Westerlo,1,1
Ligat Ha'al,Ashdod,Beitar Jerusalem,1,1
Sergipano,Guarany SE,América SE,0,0
Sergipano,Dorense,Lagarto,1,5
3. Liga,SV Wehen,Verl,2,1
Premier Division,Lincoln Red Imps FC,College 1975,4,0
Premier Division,Lynx,Mons Calpe,1,2
Potiguar,Santa Cruz RN,QFC,1,4
Campeonato de Portugal Prio - Group D,Louletano,Lagoa,2,0
Liga de Ascenso,Santa Cruz FC,AD Cofutpa,4,1
CAF Confederation Cup,CR Belouizdad,Stellenbosch,2,0
CAF Confederation Cup,Wydad AC,Maniema Union,1,0
CAF Confederation Cup,Zamalek SC,AL Masry,0,0
Pernambucano - 1,Retrô,Jaguaré,1,1
Potiguar,Potiguar Mossoró,Potyguar,2,0
Paulista - A1,Santos,RB Bragantino,0,0
Goiano - 1,Aparecidense,Goiatuba EC,4,1
Alagoano,Coruripe,Penedense,1,1
Alagoano,CSE,ASA,1,2
Baiano - 1,Vitoria,Bahia,0,1
Paraense,Cametá,Castanhal,0,0
Maranhense,IAPE,Moto Club,0,1
Maranhense,Sampaio Correa,Luminense,1,1
Brasiliense,Brasiliense,Gama,1,2
CONCACAF Women U17,Jamaica W U17,Guyana W U17,1,1
Primera División RFEF - Group 2,Real Murcia,Algeciras,0,2
Serie C - Girone C,Audace Cerignola,SS Monopoli,0,0
Amazonense,São Raimundo AM,Parintins,0,3
Rondoniense,Ji-Paraná,Porto Velho,1,0
Friendlies,Bolivia,Mexico,0,1
The Atlantic Cup,Randers FC,Tromso,3,2
Liga Mayor,Delfines Del Este,Universidad O&M,0,0
Serie A,AS Roma,AC Milan,1,1
Ligue 1,Lille,Strasbourg,1,4
Liga Nacional,Mictlán,Guastatoya,0,0
La Liga,Alaves,Real Betis,2,1
Segunda División,Deportivo La Coruna,Racing Santander,0,1
Paulista - A1,Capivariano,Primavera SP,1,2
Goiano - 1,Anápolis,CRAC,2,0
Goiano - 1,Vila Nova,Atletico Goianiense,1,2
Paraense,Paysandu,Sao Raimundo PA,2,0
Piauiense,Atlético Piauiense,Corí-Sabbá,3,0
Maranhense,ITZ Sport,Tuntum,0,2
Paraibano,Nacional de Patos,Confianca PB,4,4
Paraibano,Pombal EC,Campinense,2,2
Premier League,Molynes United,Spanish Town Police,1,1
Premier League,Montego Bay United,Chapelton,2,0
Premier League,Mount Pleasant Academy,Waterhouse,0,1
Premier League,Treasure Beach,Arnett Gardens,1,1
Premier League,Dunbeholden,Harbour View,4,2
Premier League,Racing United,Portmore United,1,1
Sergipano,AO Itabaiana,Desportiva Aracaju,2,1
Brasiliense,Brasília,Ceilândia,1,2
Friendlies Clubs,Cienciano,Bolívar,1,1
CONCACAF Women U17,Guatemala W U17,Cayman Islands W U17,1,0
Primeira Liga,SC Braga,Alverca,5,0
Eerste Divisie,Voorwaarts,Broki,3,0
Pro League,Club Sando,Police,1,0
Primera División,Municipal Liberia,CS Herediano,1,0
Division Profesional - Apertura,Olimpia,Club Guarani,2,1
Catarinense - 1,Barra,Concórdia,5,1
Catarinense - 1,Carlos Renaux,Marcílio Dias,2,4
Catarinense - 1,Chapecoense-sc,Joinville,6,0
Catarinense - 1,Criciuma,Brusque,3,3
Catarinense - 1,Figueirense,Camboriú,1,1
Catarinense - 1,Santa Catarina,Avai,3,1
Pernambucano - 1,Santa Cruz,Nautico Recife,0,4
Mineiro - 1,Atletico-MG,Cruzeiro,2,1
Gaúcho - 1,Juventude,Monsoon,3,0
Matogrossense,Mixto,Operário MT,0,0
Matogrossense,CEOV Operário,Nova Mutum EC,3,1
Carioca - 1,Fluminense,Flamengo,2,1
Capixaba,Serra Talhada,Capixaba SC,3,0
Rondoniense,Rondoniense,Barcelona RO,3,2
Paraibano,Treze,Atlético Cajazeirense,1,2
Paulista - A2,Ituano,Sao Bento,2,1
Primera Division,Águila,Hércules,3,1
Primera Division,Fuerte San Francisco,FAS,1,1
Liga Nacional,Platense FC,Victoria,1,1
Primera A,Rionegro Aguilas,Deportivo Pasto,1,2
Liga Panameña de Fútbol,Union Cocle,Veraguas,2,2
Primera B,Ind. Yumbo,Depor FC,1,1
Primera B,Internacional Palmira,Patriotas,3,1
Primera Division,Walter Ferretti,Real Madriz,1,0
Cearense - 1,Ferroviario,Ceara,1,5
Primera Division,Municipal Limeño,Isidro Metapán,0,0
Liga Premier Serie A,Guerreros,Ensenada,3,0
Liga Premier Serie A,Real Apodaca,Zacatepec 1948,1,0
Liga Profesional Argentina,Boca Juniors,Deportivo Riestra,1,0
Paulista - A1,Novorizontino,Botafogo SP,2,0
Paraense,Águia de Marabá,Santa Rosa,2,0
Primera Division,Zacatecoluca,Platense,2,3
Liga Nacional,Mixco,Malacateco,1,0
Liga Premier Serie A,Neza,Chapulineros,3,2
Matogrossense,Primavera MG,Luverdense,0,0
CONCACAF Women U17,Cuba W U17,Grenada W U17,4,3
Premier League,Cavalier,Tivoli Gardens,1,2
Friendlies Clubs,FBC Melgar,Macara,2,1
Friendlies Clubs,Sport Boys,Everton de Vina,2,3
Pro League,La Horquetta Rangers,Defence Force,0,9
Liga MX Femenil,América W,Mazatlán W,4,0
Mineiro - 1,Athletic Club,Betim,1,1
Mineiro - 1,Tombense,Democrata GV,2,0
Gaúcho - 1,Internacional,Gremio,4,2
Eerste Divisie,Notch,Flora,0,2
CONCACAF Women U17,Haiti W U17,Antigua and Barbuda U17 W,6,1
Primera A,Millonarios,Junior,1,2
Division Profesional - Apertura,Sportivo Ameliano,Rubio NU,2,2
Liga Nacional,Lobos Upnfm,CD Marathon,1,1
Liga Panameña de Fútbol,Tauro FC,Sporting San Miguelito,0,0
Paulista - A1,Velo Clube,Corinthians,0,1
Carioca - 1,Boavista SC,Vasco DA Gama,0,3
