League,League Logo,League Flag,Home Team,Home Logo,Away Team,Away Logo,Home Score,Away Score
CONCACAF U20,https://media.api-sports.io/football/leagues/537.png,,Curaçao U20,https://media.api-sports.io/football/teams/10995.png,Guyana U20,https://media.api-sports.io/football/teams/11002.png,3,2
Copa Argentina,https://media.api-sports.io/football/leagues/130.png,https://media.api-sports.io/flags/ar.svg,Boca Juniors,https://media.api-sports.io/football/teams/451.png,Gimnasia Chivilcoy,https://media.api-sports.io/football/teams/25758.png,2,0
Liga Profesional Argentina,https://media.api-sports.io/football/leagues/128.png,https://media.api-sports.io/flags/ar.svg,Belgrano Cordoba,https://media.api-sports.io/football/teams/440.png,Atletico Tucuman,https://media.api-sports.io/football/teams/455.png,3,1
CONMEBOL Libertadores,https://media.api-sports.io/football/leagues/13.png,,Independiente Medellin,https://media.api-sports.io/football/teams/1128.png,Liverpool Montevideo,https://media.api-sports.io/football/teams/2358.png,0,0
Roraimense,https://media.api-sports.io/football/leagues/607.png,https://media.api-sports.io/flags/br.svg,GAS,https://media.api-sports.io/football/teams/12916.png,Baré,https://media.api-sports.io/football/teams/7840.png,,
Copa Do Brasil,https://media.api-sports.io/football/leagues/73.png,https://media.api-sports.io/flags/br.svg,America-RN,https://media.api-sports.io/football/teams/2233.png,GAS,https://media.api-sports.io/football/teams/12916.png,3,0
CONMEBOL Libertadores,https://media.api-sports.io/football/leagues/13.png,,Sporting Cristal,https://media.api-sports.io/football/teams/2546.png,2 de Mayo,https://media.api-sports.io/football/teams/2140.png,0,0
Copa Do Brasil,https://media.api-sports.io/football/leagues/73.png,https://media.api-sports.io/flags/br.svg,Fortaleza EC,https://media.api-sports.io/football/teams/154.png,Maguary PE,https://media.api-sports.io/football/teams/20781.png,4,3
Liga Profesional Argentina,https://media.api-sports.io/football/leagues/128.png,https://media.api-sports.io/flags/ar.svg,Gimnasia M.,https://media.api-sports.io/football/teams/1066.png,Independiente,https://media.api-sports.io/football/teams/453.png,1,1
Liga Nacional,https://media.api-sports.io/football/leagues/234.png,https://media.api-sports.io/flags/hn.svg,Victoria,https://media.api-sports.io/football/teams/11682.png,Olancho,https://media.api-sports.io/football/teams/19456.png,2,1
CONCACAF Champions League,https://media.api-sports.io/football/leagues/16.png,,Nashville SC,https://media.api-sports.io/football/teams/9569.png,Atlético Ottawa,https://media.api-sports.io/football/teams/10169.png,5,0
Premier League,https://media.api-sports.io/football/leagues/422.png,https://media.api-sports.io/flags/bb.svg,Wotton,https://media.api-sports.io/football/teams/10084.png,Pride of Gall Hill,https://media.api-sports.io/football/teams/8417.png,0,1
CONCACAF U20,https://media.api-sports.io/football/leagues/537.png,,Nicaragua U20,https://media.api-sports.io/football/teams/11006.png,Aruba U20,https://media.api-sports.io/football/teams/10988.png,0,2
Liga Nacional,https://media.api-sports.io/football/leagues/339.png,https://media.api-sports.io/flags/gt.svg,Antigua GFC,https://media.api-sports.io/football/teams/3656.png,Guastatoya,https://media.api-sports.io/football/teams/3662.png,2,0
CONCACAF Champions League,https://media.api-sports.io/football/leagues/16.png,,Los Angeles FC,https://media.api-sports.io/football/teams/1616.png,Real Espana,https://media.api-sports.io/football/teams/1058.png,1,0
Ofc Pro League,https://media.api-sports.io/football/leagues/1214.png,,Vanuatu United,https://media.api-sports.io/football/teams/27383.png,Solomon Kings,https://media.api-sports.io/football/teams/27380.png,4,0
PFL,https://media.api-sports.io/football/leagues/765.png,https://media.api-sports.io/flags/ph.svg,Tuloy,https://media.api-sports.io/football/teams/21580.png,Philippine Army,https://media.api-sports.io/football/teams/21578.png,,
Ofc Pro League,https://media.api-sports.io/football/leagues/1214.png,,Hekari United,https://media.api-sports.io/football/teams/8141.png,Bula,https://media.api-sports.io/football/teams/27379.png,,
Lao League,https://media.api-sports.io/football/leagues/647.png,https://media.api-sports.io/flags/la.svg,Salavan United,https://media.api-sports.io/football/teams/26367.png,Ezra,https://media.api-sports.io/football/teams/14094.png,,
Hun Sen Cup,https://media.api-sports.io/football/leagues/1174.png,https://media.api-sports.io/flags/kh.svg,Kirivong Sok Sen Chey,https://media.api-sports.io/football/teams/5389.png,Svay Rieng,https://media.api-sports.io/football/teams/5396.png,,
National League,https://media.api-sports.io/football/leagues/588.png,https://media.api-sports.io/flags/mm.svg,Sagaing United,https://media.api-sports.io/football/teams/12528.png,Yangon United,https://media.api-sports.io/football/teams/8013.png,,
J2 League,https://media.api-sports.io/football/leagues/99.png,https://media.api-sports.io/flags/jp.svg,Oita Trinita,https://media.api-sports.io/football/teams/298.png,Biwako Shiga,https://media.api-sports.io/football/teams/7117.png,,
National League,https://media.api-sports.io/football/leagues/588.png,https://media.api-sports.io/flags/mm.svg,I.S.P.E,https://media.api-sports.io/football/teams/12526.png,Shan United,https://media.api-sports.io/football/teams/8015.png,,
National Soccer League,https://media.api-sports.io/football/leagues/405.png,https://media.api-sports.io/flags/rw.svg,Kiyovu Sports,https://media.api-sports.io/football/teams/5317.png,Marines,https://media.api-sports.io/football/teams/5318.png,,
Birinci Dasta,https://media.api-sports.io/football/leagues/418.png,https://media.api-sports.io/flags/az.svg,Mingəçevir,https://media.api-sports.io/football/teams/5573.png,MOIK,https://media.api-sports.io/football/teams/5492.png,,
Birinci Dasta,https://media.api-sports.io/football/leagues/418.png,https://media.api-sports.io/flags/az.svg,Difai Ağsu,https://media.api-sports.io/football/teams/22280.png,Safa Baku,https://media.api-sports.io/football/teams/25318.png,,
Birinci Dasta,https://media.api-sports.io/football/leagues/418.png,https://media.api-sports.io/flags/az.svg,Şahdağ,https://media.api-sports.io/football/teams/5576.png,Zaqatala,https://media.api-sports.io/football/teams/5500.png,,
PFL,https://media.api-sports.io/football/leagues/765.png,https://media.api-sports.io/flags/ph.svg,Manila Digger,https://media.api-sports.io/football/teams/21576.png,Garelli United,https://media.api-sports.io/football/teams/21573.png,,
FKF Premier League,https://media.api-sports.io/football/leagues/276.png,https://media.api-sports.io/flags/ke.svg,Bandari,https://media.api-sports.io/football/teams/2460.png,Nairobi United,https://media.api-sports.io/football/teams/22231.png,,
FKF Premier League,https://media.api-sports.io/football/leagues/276.png,https://media.api-sports.io/flags/ke.svg,Tusker,https://media.api-sports.io/football/teams/2475.png,Murang'a SEAL,https://media.api-sports.io/football/teams/19486.png,,
Liga Revelação U23,https://media.api-sports.io/football/leagues/701.png,https://media.api-sports.io/flags/pt.svg,Leixões U23,https://media.api-sports.io/football/teams/15465.png,Academico Viseu U23,https://media.api-sports.io/football/teams/21718.png,,
Ligue 1,https://media.api-sports.io/football/leagues/424.png,https://media.api-sports.io/flags/cg.svg,Groupe Bazano,https://media.api-sports.io/football/teams/8575.png,Simba,https://media.api-sports.io/football/teams/8572.png,,
FA Cup,https://media.api-sports.io/football/leagues/298.png,https://media.api-sports.io/flags/th.svg,Buriram United,https://media.api-sports.io/football/teams/2780.png,Khon Kaen United,https://media.api-sports.io/football/teams/10086.png,,
FA Cup,https://media.api-sports.io/football/leagues/298.png,https://media.api-sports.io/flags/th.svg,Lamphun Warrior,https://media.api-sports.io/football/teams/6572.png,Bangkok United,https://media.api-sports.io/football/teams/2770.png,,
Hun Sen Cup,https://media.api-sports.io/football/leagues/1174.png,https://media.api-sports.io/flags/kh.svg,Dangkor Senchey,https://media.api-sports.io/football/teams/21735.png,Phnom Penh Crown,https://media.api-sports.io/football/teams/5394.png,,
Thai League 1,https://media.api-sports.io/football/leagues/296.png,https://media.api-sports.io/flags/th.svg,Nakhon Ratchasima FC,https://media.api-sports.io/football/teams/2773.png,Rayong FC,https://media.api-sports.io/football/teams/2797.png,,
FA Cup,https://media.api-sports.io/football/leagues/298.png,https://media.api-sports.io/flags/th.svg,Ayutthaya FC,https://media.api-sports.io/football/teams/2803.png,Ratchaburi,https://media.api-sports.io/football/teams/2776.png,,
FA Cup,https://media.api-sports.io/football/leagues/298.png,https://media.api-sports.io/flags/th.svg,Chiangrai United,https://media.api-sports.io/football/teams/2771.png,Prachuap,https://media.api-sports.io/football/teams/2791.png,,
Ligue 1,https://media.api-sports.io/football/leagues/424.png,https://media.api-sports.io/flags/cg.svg,Etoile de Kivu,https://media.api-sports.io/football/teams/17764.png,Renaissance,https://media.api-sports.io/football/teams/10085.png,,
Ligue 1,https://media.api-sports.io/football/leagues/424.png,https://media.api-sports.io/flags/cg.svg,Céleste,https://media.api-sports.io/football/teams/20468.png,Anges Verts,https://media.api-sports.io/football/teams/24105.png,,
Ligue 1,https://media.api-sports.io/football/leagues/202.png,https://media.api-sports.io/flags/tn.svg,ES Metlaoui,https://media.api-sports.io/football/teams/984.png,ES Tunis,https://media.api-sports.io/football/teams/980.png,,
Cup,https://media.api-sports.io/football/leagues/314.png,https://media.api-sports.io/flags/ba.svg,Laktaši,https://media.api-sports.io/football/teams/19562.png,Radnik Bijeljina,https://media.api-sports.io/football/teams/3359.png,,
Premier League,https://media.api-sports.io/football/leagues/425.png,https://media.api-sports.io/flags/sy.svg,Wathba,https://media.api-sports.io/football/teams/9118.png,Al Wahda,https://media.api-sports.io/football/teams/8035.png,,
U18 Premier League - North,https://media.api-sports.io/football/leagues/695.png,https://media.api-sports.io/flags/gb-eng.svg,Manchester United U18,https://media.api-sports.io/football/teams/15382.png,Derby County U18,https://media.api-sports.io/football/teams/15377.png,,
Ligi kuu Bara,https://media.api-sports.io/football/leagues/567.png,https://media.api-sports.io/flags/tz.svg,Young Africans,https://media.api-sports.io/football/teams/5370.png,JKT Tanzania,https://media.api-sports.io/football/teams/12190.png,,
Ligi kuu Bara,https://media.api-sports.io/football/leagues/567.png,https://media.api-sports.io/flags/tz.svg,Pamba Jiji,https://media.api-sports.io/football/teams/24707.png,Simba,https://media.api-sports.io/football/teams/6432.png,,
Third League - Southeast,https://media.api-sports.io/football/leagues/177.png,https://media.api-sports.io/flags/bg.svg,Lokomotiv Plovdiv II,https://media.api-sports.io/football/teams/17307.png,Gigant Saedinenie,https://media.api-sports.io/football/teams/8532.png,,
First League,https://media.api-sports.io/football/leagues/355.png,https://media.api-sports.io/flags/me.svg,Arsenal Tivat,https://media.api-sports.io/football/teams/3742.png,Buducnost Podgorica,https://media.api-sports.io/football/teams/579.png,,
Ligue 1,https://media.api-sports.io/football/leagues/424.png,https://media.api-sports.io/flags/cg.svg,TP Mazembe,https://media.api-sports.io/football/teams/6435.png,Tshinkunku,https://media.api-sports.io/football/teams/17767.png,,
Ligue 1,https://media.api-sports.io/football/leagues/424.png,https://media.api-sports.io/flags/cg.svg,Malole,https://media.api-sports.io/football/teams/24107.png,Tanganyika,https://media.api-sports.io/football/teams/21622.png,,
Ligue 1,https://media.api-sports.io/football/leagues/424.png,https://media.api-sports.io/flags/cg.svg,Maniema Union,https://media.api-sports.io/football/teams/8064.png,FC Mk de Kinshasa,https://media.api-sports.io/football/teams/26885.png,,
National Soccer League,https://media.api-sports.io/football/leagues/405.png,https://media.api-sports.io/flags/rw.svg,Al Merreikh,https://media.api-sports.io/football/teams/5239.png,Muhanga,https://media.api-sports.io/football/teams/5319.png,,
National Soccer League,https://media.api-sports.io/football/leagues/405.png,https://media.api-sports.io/flags/rw.svg,Rutsiro,https://media.api-sports.io/football/teams/15561.png,Police,https://media.api-sports.io/football/teams/5322.png,,
National Soccer League,https://media.api-sports.io/football/leagues/405.png,https://media.api-sports.io/flags/rw.svg,Rayon Sports,https://media.api-sports.io/football/teams/5323.png,Al Hilal Omdurman,https://media.api-sports.io/football/teams/5237.png,,
Crown Prince Cup,https://media.api-sports.io/football/leagues/820.png,https://media.api-sports.io/flags/kw.svg,Al Arabi,https://media.api-sports.io/football/teams/3532.png,Al Kuwait,https://media.api-sports.io/football/teams/3535.png,,
Cup,https://media.api-sports.io/football/leagues/756.png,https://media.api-sports.io/flags/mk.svg,Detonit Plachkovica,https://media.api-sports.io/football/teams/19754.png,Sileks,https://media.api-sports.io/football/teams/4331.png,,
Friendlies Clubs,https://media.api-sports.io/football/leagues/667.png,,Baranovichi,https://media.api-sports.io/football/teams/3383.png,Lida,https://media.api-sports.io/football/teams/3387.png,,
Friendlies Clubs,https://media.api-sports.io/football/leagues/667.png,,Slavia Mozyr,https://media.api-sports.io/football/teams/751.png,Belshina,https://media.api-sports.io/football/teams/3384.png,,
UEFA Youth League,https://media.api-sports.io/football/leagues/14.png,,PSG U19,https://media.api-sports.io/football/teams/7921.png,HJK U19,https://media.api-sports.io/football/teams/7952.png,,
Premier League,https://media.api-sports.io/football/leagues/363.png,https://media.api-sports.io/flags/et.svg,Ethiopian Medhin,https://media.api-sports.io/football/teams/20030.png,Kedus Giorgis,https://media.api-sports.io/football/teams/4119.png,,
FKF Premier League,https://media.api-sports.io/football/leagues/276.png,https://media.api-sports.io/flags/ke.svg,Mathare United,https://media.api-sports.io/football/teams/2463.png,Shabana,https://media.api-sports.io/football/teams/19489.png,,
Liga 1,https://media.api-sports.io/football/leagues/274.png,https://media.api-sports.io/flags/id.svg,Persebaya Surabaya,https://media.api-sports.io/football/teams/2446.png,PSM Makassar,https://media.api-sports.io/football/teams/2441.png,,
First League,https://media.api-sports.io/football/leagues/355.png,https://media.api-sports.io/flags/me.svg,Jezero,https://media.api-sports.io/football/teams/3748.png,Bokelj,https://media.api-sports.io/football/teams/3744.png,,
Nasjonal U19 Champions League,https://media.api-sports.io/football/leagues/823.png,https://media.api-sports.io/flags/no.svg,Brann U19,https://media.api-sports.io/football/teams/16554.png,Viking U19,https://media.api-sports.io/football/teams/16567.png,,
Super League,https://media.api-sports.io/football/leagues/400.png,https://media.api-sports.io/flags/zm.svg,Nkwazi,https://media.api-sports.io/football/teams/5210.png,Mufulira Wanderers,https://media.api-sports.io/football/teams/5206.png,,
Super League,https://media.api-sports.io/football/leagues/400.png,https://media.api-sports.io/flags/zm.svg,Nkana,https://media.api-sports.io/football/teams/5209.png,Green Eagles,https://media.api-sports.io/football/teams/5200.png,,
Super League,https://media.api-sports.io/football/leagues/400.png,https://media.api-sports.io/flags/zm.svg,Man Utd Zambia Academy,https://media.api-sports.io/football/teams/5205.png,Mines,https://media.api-sports.io/football/teams/26200.png,,
Super League,https://media.api-sports.io/football/leagues/400.png,https://media.api-sports.io/flags/zm.svg,Kabwe Warriors,https://media.api-sports.io/football/teams/5201.png,Mutondo Stars,https://media.api-sports.io/football/teams/21875.png,,
Super League,https://media.api-sports.io/football/leagues/400.png,https://media.api-sports.io/flags/zm.svg,ZESCO United,https://media.api-sports.io/football/teams/5214.png,NAPSA Stars,https://media.api-sports.io/football/teams/5207.png,,
Super League,https://media.api-sports.io/football/leagues/400.png,https://media.api-sports.io/flags/zm.svg,Zanaco,https://media.api-sports.io/football/teams/5215.png,Konkola Blades,https://media.api-sports.io/football/teams/5514.png,,
Super League,https://media.api-sports.io/football/leagues/400.png,https://media.api-sports.io/flags/zm.svg,Kansanshi Dynamos,https://media.api-sports.io/football/teams/7455.png,Power Dynamos,https://media.api-sports.io/football/teams/5211.png,,
Super League,https://media.api-sports.io/football/leagues/400.png,https://media.api-sports.io/flags/zm.svg,Nchanga Rangers,https://media.api-sports.io/football/teams/5511.png,Green Buffaloes,https://media.api-sports.io/football/teams/5199.png,,
Super League,https://media.api-sports.io/football/leagues/400.png,https://media.api-sports.io/flags/zm.svg,Prison Leopards,https://media.api-sports.io/football/teams/5212.png,Red Arrows,https://media.api-sports.io/football/teams/5213.png,,
First League,https://media.api-sports.io/football/leagues/355.png,https://media.api-sports.io/flags/me.svg,Mladost DG,https://media.api-sports.io/football/teams/16749.png,Jedinstvo,https://media.api-sports.io/football/teams/3747.png,,
Ligue 1,https://media.api-sports.io/football/leagues/424.png,https://media.api-sports.io/flags/cg.svg,Renaissance,https://media.api-sports.io/football/teams/10085.png,Vita Club,https://media.api-sports.io/football/teams/6437.png,,
Friendlies Clubs,https://media.api-sports.io/football/leagues/667.png,,Haugesund,https://media.api-sports.io/football/teams/328.png,Ham-Kam,https://media.api-sports.io/football/teams/2159.png,,
Elite Two,https://media.api-sports.io/football/leagues/813.png,https://media.api-sports.io/flags/cm.svg,Kumba,https://media.api-sports.io/football/teams/27457.png,Tonnerre,https://media.api-sports.io/football/teams/10153.png,,
Malaysia Cup,https://media.api-sports.io/football/leagues/499.png,https://media.api-sports.io/flags/my.svg,Melaka,https://media.api-sports.io/football/teams/21038.png,Johor Darul Takzim FC,https://media.api-sports.io/football/teams/2523.png,,
Friendlies Clubs,https://media.api-sports.io/football/leagues/667.png,,IF Brommapojkarna,https://media.api-sports.io/football/teams/371.png,Sollentuna,https://media.api-sports.io/football/teams/6699.png,,
Ligue 2,https://media.api-sports.io/football/leagues/187.png,https://media.api-sports.io/flags/dz.svg,Béchar Djedid,https://media.api-sports.io/football/teams/10812.png,MC Saida,https://media.api-sports.io/football/teams/934.png,,
Elite One,https://media.api-sports.io/football/leagues/411.png,https://media.api-sports.io/flags/cm.svg,Aigle Royal de Moungo,https://media.api-sports.io/football/teams/20799.png,Aigle Royal,https://media.api-sports.io/football/teams/5556.png,,
Elite One,https://media.api-sports.io/football/leagues/411.png,https://media.api-sports.io/flags/cm.svg,Unisport Bafang,https://media.api-sports.io/football/teams/5414.png,Gazelle,https://media.api-sports.io/football/teams/15566.png,,
Elite One,https://media.api-sports.io/football/leagues/411.png,https://media.api-sports.io/flags/cm.svg,Panthère,https://media.api-sports.io/football/teams/5564.png,Dynamo de Douala,https://media.api-sports.io/football/teams/16524.png,,
Elite One,https://media.api-sports.io/football/leagues/411.png,https://media.api-sports.io/flags/cm.svg,Victoria United,https://media.api-sports.io/football/teams/20800.png,Fortuna Mfou,https://media.api-sports.io/football/teams/5405.png,,
NPFL,https://media.api-sports.io/football/leagues/399.png,https://media.api-sports.io/flags/ng.svg,Rivers United,https://media.api-sports.io/football/teams/5192.png,Barau FC,https://media.api-sports.io/football/teams/26400.png,,
First League,https://media.api-sports.io/football/leagues/355.png,https://media.api-sports.io/flags/me.svg,Dečić,https://media.api-sports.io/football/teams/3745.png,Mornar,https://media.api-sports.io/football/teams/3740.png,,
First League,https://media.api-sports.io/football/leagues/355.png,https://media.api-sports.io/flags/me.svg,Sutjeska,https://media.api-sports.io/football/teams/673.png,Petrovac,https://media.api-sports.io/football/teams/3741.png,,
Liga Revelação U23,https://media.api-sports.io/football/leagues/701.png,https://media.api-sports.io/flags/pt.svg,Sporting Braga U23,https://media.api-sports.io/football/teams/15469.png,Torreense U23,https://media.api-sports.io/football/teams/21720.png,,
UEFA Youth League,https://media.api-sports.io/football/leagues/14.png,,Atlético Madrid U19,https://media.api-sports.io/football/teams/7884.png,Maccabi Haifa U19,https://media.api-sports.io/football/teams/7989.png,,
UEFA Youth League,https://media.api-sports.io/football/leagues/14.png,,Benfica U19,https://media.api-sports.io/football/teams/7888.png,AZ U19,https://media.api-sports.io/football/teams/16384.png,,
UEFA Youth League,https://media.api-sports.io/football/leagues/14.png,,Real Madrid U19,https://media.api-sports.io/football/teams/7926.png,Chelsea U19,https://media.api-sports.io/football/teams/7892.png,,
UEFA Youth League,https://media.api-sports.io/football/leagues/14.png,,Villarreal U19,https://media.api-sports.io/football/teams/17702.png,Legia Warszawa U19,https://media.api-sports.io/football/teams/7987.png,,
UEFA Youth League,https://media.api-sports.io/football/leagues/14.png,,Žilina U19,https://media.api-sports.io/football/teams/7972.png,Club Brugge U19,https://media.api-sports.io/football/teams/7893.png,,
Cup,https://media.api-sports.io/football/leagues/314.png,https://media.api-sports.io/flags/ba.svg,Zeljeznicar Sarajevo,https://media.api-sports.io/football/teams/654.png,Sloga Doboj,https://media.api-sports.io/football/teams/8504.png,,
Ligue 1,https://media.api-sports.io/football/leagues/386.png,https://media.api-sports.io/flags/ci.svg,Stade d'Abidjan,https://media.api-sports.io/football/teams/4525.png,San-Pédro,https://media.api-sports.io/football/teams/4521.png,,
Tercera División RFEF - Group 10,https://media.api-sports.io/football/leagues/448.png,https://media.api-sports.io/flags/es.svg,Dos Hermanas,https://media.api-sports.io/football/teams/26535.png,Atlético Central,https://media.api-sports.io/football/teams/24723.png,,
Ligi kuu Bara,https://media.api-sports.io/football/leagues/567.png,https://media.api-sports.io/flags/tz.svg,Dodoma Jiji,https://media.api-sports.io/football/teams/14345.png,Simba,https://media.api-sports.io/football/teams/6432.png,,
Elite One,https://media.api-sports.io/football/leagues/411.png,https://media.api-sports.io/flags/cm.svg,Colombe,https://media.api-sports.io/football/teams/5400.png,PWD Bamenda,https://media.api-sports.io/football/teams/5409.png,,
Ligue 1,https://media.api-sports.io/football/leagues/378.png,https://media.api-sports.io/flags/gn.svg,RCC Kamsar,https://media.api-sports.io/football/teams/25448.png,Karfamoriah,https://media.api-sports.io/football/teams/26964.png,,
Segunda División RFEF - Group 3,https://media.api-sports.io/football/leagues/877.png,https://media.api-sports.io/flags/es.svg,Castellón II,https://media.api-sports.io/football/teams/17588.png,Barcelona B,https://media.api-sports.io/football/teams/712.png,,
Ykköscup,https://media.api-sports.io/football/leagues/901.png,https://media.api-sports.io/flags/fi.svg,Kooteepee,https://media.api-sports.io/football/teams/2076.png,MP,https://media.api-sports.io/football/teams/9175.png,,
League Cup,https://media.api-sports.io/football/leagues/168.png,https://media.api-sports.io/flags/is.svg,Afturelding,https://media.api-sports.io/football/teams/3514.png,Thor Akureyri,https://media.api-sports.io/football/teams/2116.png,,
CONCACAF U20,https://media.api-sports.io/football/leagues/537.png,,Antigua and Barbuda U20,https://media.api-sports.io/football/teams/10987.png,British VI U20,https://media.api-sports.io/football/teams/23086.png,,
Pro League,https://media.api-sports.io/football/leagues/301.png,https://media.api-sports.io/flags/ae.svg,Al Wahda FC,https://media.api-sports.io/football/teams/2875.png,Ajman,https://media.api-sports.io/football/teams/2879.png,,
Pro League,https://media.api-sports.io/football/leagues/301.png,https://media.api-sports.io/flags/ae.svg,Al-Wasl FC,https://media.api-sports.io/football/teams/2872.png,Shabab Al Ahli Dubai,https://media.api-sports.io/football/teams/2870.png,,
Cup,https://media.api-sports.io/football/leagues/314.png,https://media.api-sports.io/flags/ba.svg,FK Sarajevo,https://media.api-sports.io/football/teams/679.png,Velež,https://media.api-sports.io/football/teams/3381.png,,
UEFA Champions League,https://media.api-sports.io/football/leagues/2.png,,Atalanta,https://media.api-sports.io/football/teams/499.png,Borussia Dortmund,https://media.api-sports.io/football/teams/165.png,,
Segunda División,https://media.api-sports.io/football/leagues/141.png,https://media.api-sports.io/flags/es.svg,AD Ceuta FC,https://media.api-sports.io/football/teams/10139.png,Cordoba,https://media.api-sports.io/football/teams/713.png,,
Regionalliga - Nordost,https://media.api-sports.io/football/leagues/85.png,https://media.api-sports.io/flags/de.svg,Hertha Zehlendorf,https://media.api-sports.io/football/teams/12786.png,BSG Chemie Leipzig,https://media.api-sports.io/football/teams/1651.png,,
Regionalliga - SudWest,https://media.api-sports.io/football/leagues/86.png,https://media.api-sports.io/flags/de.svg,SG Sonnenhof Grossaspach,https://media.api-sports.io/football/teams/1317.png,Freiburg II,https://media.api-sports.io/football/teams/9363.png,,
Primera División RFEF - Group 2,https://media.api-sports.io/football/leagues/436.png,https://media.api-sports.io/flags/es.svg,Juventud Torremolinos,https://media.api-sports.io/football/teams/15359.png,Teruel,https://media.api-sports.io/football/teams/5278.png,,
Segunda División RFEF - Group 4,https://media.api-sports.io/football/leagues/878.png,https://media.api-sports.io/flags/es.svg,Águilas,https://media.api-sports.io/football/teams/9823.png,Recreativo Huelva,https://media.api-sports.io/football/teams/9410.png,,
Ligi kuu Bara,https://media.api-sports.io/football/leagues/567.png,https://media.api-sports.io/flags/tz.svg,Azam,https://media.api-sports.io/football/teams/8057.png,Mtibwa Sugar,https://media.api-sports.io/football/teams/12195.png,,
Tercera División RFEF - Group 3,https://media.api-sports.io/football/leagues/441.png,https://media.api-sports.io/flags/es.svg,Selaya,https://media.api-sports.io/football/teams/9645.png,Guarnizo,https://media.api-sports.io/football/teams/9642.png,,
Tercera División RFEF - Group 12,https://media.api-sports.io/football/leagues/450.png,https://media.api-sports.io/flags/es.svg,UD San Fernando,https://media.api-sports.io/football/teams/9804.png,Marino,https://media.api-sports.io/football/teams/9799.png,,
Professional League,https://media.api-sports.io/football/leagues/406.png,https://media.api-sports.io/flags/om.svg,Al-Shabab,https://media.api-sports.io/football/teams/5329.png,Al-Nahda,https://media.api-sports.io/football/teams/5327.png,,
Super League,https://media.api-sports.io/football/leagues/207.png,https://media.api-sports.io/flags/ch.svg,FC Winterthur,https://media.api-sports.io/football/teams/2180.png,FC Thun,https://media.api-sports.io/football/teams/1012.png,,
Paulista - A2,https://media.api-sports.io/football/leagues/476.png,https://media.api-sports.io/flags/br.svg,Monte Azul,https://media.api-sports.io/football/teams/10021.png,Juventus,https://media.api-sports.io/football/teams/10019.png,,
Paulista - A2,https://media.api-sports.io/football/leagues/476.png,https://media.api-sports.io/flags/br.svg,Santo André,https://media.api-sports.io/football/teams/10003.png,Sertãozinho,https://media.api-sports.io/football/teams/10025.png,,
Paulista - A3,https://media.api-sports.io/football/leagues/605.png,https://media.api-sports.io/flags/br.svg,Desportivo Brasil,https://media.api-sports.io/football/teams/10032.png,União São João,https://media.api-sports.io/football/teams/22852.png,,
Paulista - A3,https://media.api-sports.io/football/leagues/605.png,https://media.api-sports.io/flags/br.svg,EC São Bernardo,https://media.api-sports.io/football/teams/10033.png,Uniao Barbarense,https://media.api-sports.io/football/teams/22954.png,,
Paulista - A3,https://media.api-sports.io/football/leagues/605.png,https://media.api-sports.io/flags/br.svg,Rio Preto,https://media.api-sports.io/football/teams/10040.png,Paulista,https://media.api-sports.io/football/teams/10038.png,,
Paulista - A3,https://media.api-sports.io/football/leagues/605.png,https://media.api-sports.io/flags/br.svg,USAC,https://media.api-sports.io/football/teams/18304.png,Bandeirante SP,https://media.api-sports.io/football/teams/15621.png,,
Paulista - A4,https://media.api-sports.io/football/leagues/1062.png,https://media.api-sports.io/flags/br.svg,Joseense,https://media.api-sports.io/football/teams/22950.png,AEA,https://media.api-sports.io/football/teams/23569.png,,
Paulista - A4,https://media.api-sports.io/football/leagues/1062.png,https://media.api-sports.io/flags/br.svg,Colorado Caieiras,https://media.api-sports.io/football/teams/23572.png,Comercial,https://media.api-sports.io/football/teams/10031.png,,
Paulista - A4,https://media.api-sports.io/football/leagues/1062.png,https://media.api-sports.io/flags/br.svg,Jabaquara,https://media.api-sports.io/football/teams/22949.png,Barretos,https://media.api-sports.io/football/teams/10028.png,,
Paulista - A4,https://media.api-sports.io/football/leagues/1062.png,https://media.api-sports.io/flags/br.svg,Nacional SP,https://media.api-sports.io/football/teams/10036.png,EC Lemense,https://media.api-sports.io/football/teams/18466.png,,
Paulista - A4,https://media.api-sports.io/football/leagues/1062.png,https://media.api-sports.io/flags/br.svg,São Caetano,https://media.api-sports.io/football/teams/7786.png,ECUS,https://media.api-sports.io/football/teams/23573.png,,
Paulista - A4,https://media.api-sports.io/football/leagues/1062.png,https://media.api-sports.io/flags/br.svg,Taquaritinga,https://media.api-sports.io/football/teams/22953.png,Penapolense,https://media.api-sports.io/football/teams/10022.png,,
FA Trophy,https://media.api-sports.io/football/leagues/821.png,https://media.api-sports.io/flags/mt.svg,Gzira United,https://media.api-sports.io/football/teams/2264.png,Hibernians,https://media.api-sports.io/football/teams/3884.png,,
CONCACAF U20,https://media.api-sports.io/football/leagues/537.png,,St Kitts and Nevis U20,https://media.api-sports.io/football/teams/11009.png,Cayman Islands U20,https://media.api-sports.io/football/teams/10993.png,,
Brasileiro U20 A,https://media.api-sports.io/football/leagues/740.png,https://media.api-sports.io/flags/br.svg,Santos U20,https://media.api-sports.io/football/teams/13055.png,Grêmio U20,https://media.api-sports.io/football/teams/13011.png,,
Brasileiro U20 A,https://media.api-sports.io/football/leagues/740.png,https://media.api-sports.io/flags/br.svg,Criciuma U20,https://media.api-sports.io/football/teams/12999.png,Cruzeiro U20,https://media.api-sports.io/football/teams/13000.png,,
Brasileiro U20 A,https://media.api-sports.io/football/leagues/740.png,https://media.api-sports.io/flags/br.svg,América Mineiro U20,https://media.api-sports.io/football/teams/12981.png,Fluminense U20,https://media.api-sports.io/football/teams/13008.png,,
Copa do Brasil U17,https://media.api-sports.io/football/leagues/1179.png,https://media.api-sports.io/flags/br.svg,Fortaleza U17,https://media.api-sports.io/football/teams/24480.png,VF4 U17,https://media.api-sports.io/football/teams/25806.png,,
Copa do Brasil U17,https://media.api-sports.io/football/leagues/1179.png,https://media.api-sports.io/flags/br.svg,Bahia U17,https://media.api-sports.io/football/teams/24472.png,Atletico-PI U17,https://media.api-sports.io/football/teams/25788.png,,
Copa do Brasil U17,https://media.api-sports.io/football/leagues/1179.png,https://media.api-sports.io/flags/br.svg,Athletico PR U17,https://media.api-sports.io/football/teams/24469.png,Ibrachina U17,https://media.api-sports.io/football/teams/27534.png,,
Copa do Brasil U17,https://media.api-sports.io/football/leagues/1179.png,https://media.api-sports.io/flags/br.svg,Juventude U17,https://media.api-sports.io/football/teams/25797.png,Operário-MS U17,https://media.api-sports.io/football/teams/27545.png,,
Tercera División RFEF - Group 10,https://media.api-sports.io/football/leagues/448.png,https://media.api-sports.io/flags/es.svg,Ciudad de Lucena,https://media.api-sports.io/football/teams/9756.png,Chiclana,https://media.api-sports.io/football/teams/21905.png,,
Oberliga - Westfalen,https://media.api-sports.io/football/leagues/747.png,https://media.api-sports.io/flags/de.svg,Preußen Münster II,https://media.api-sports.io/football/teams/14753.png,ASC Dortmund,https://media.api-sports.io/football/teams/12726.png,,
Segunda División RFEF - Group 4,https://media.api-sports.io/football/leagues/878.png,https://media.api-sports.io/flags/es.svg,Xerez Deportivo,https://media.api-sports.io/football/teams/9771.png,Real Jaén,https://media.api-sports.io/football/teams/5274.png,,
Friendlies Clubs,https://media.api-sports.io/football/leagues/667.png,,Laholm,https://media.api-sports.io/football/teams/12657.png,Galtabacks,https://media.api-sports.io/football/teams/27309.png,,
Copa Do Brasil,https://media.api-sports.io/football/leagues/73.png,https://media.api-sports.io/flags/br.svg,Castanhal,https://media.api-sports.io/football/teams/13124.png,Guarani Campinas,https://media.api-sports.io/football/teams/138.png,,
Copa Do Brasil,https://media.api-sports.io/football/leagues/73.png,https://media.api-sports.io/flags/br.svg,Juazeirense,https://media.api-sports.io/football/teams/1224.png,Capital Brasilia,https://media.api-sports.io/football/teams/12921.png,,
Copa do Brasil U17,https://media.api-sports.io/football/leagues/1179.png,https://media.api-sports.io/flags/br.svg,Gremio U17,https://media.api-sports.io/football/teams/24482.png,Sfera FC U17,https://media.api-sports.io/football/teams/27538.png,,
Division 1,https://media.api-sports.io/football/leagues/308.png,https://media.api-sports.io/flags/sa.svg,Al-Faisaly FC,https://media.api-sports.io/football/teams/2930.png,Al Ula,https://media.api-sports.io/football/teams/26357.png,,
Division 1,https://media.api-sports.io/football/leagues/308.png,https://media.api-sports.io/flags/sa.svg,Al Taee,https://media.api-sports.io/football/teams/2942.png,Al Arabi SC,https://media.api-sports.io/football/teams/2971.png,,
Division 1,https://media.api-sports.io/football/leagues/308.png,https://media.api-sports.io/flags/sa.svg,Al Zulfi,https://media.api-sports.io/football/teams/10524.png,Al-Adalah,https://media.api-sports.io/football/teams/2950.png,,
Division 1,https://media.api-sports.io/football/leagues/308.png,https://media.api-sports.io/flags/sa.svg,Jeddah Club,https://media.api-sports.io/football/teams/2947.png,Al Diriyah,https://media.api-sports.io/football/teams/26738.png,,
League,https://media.api-sports.io/football/leagues/387.png,https://media.api-sports.io/flags/jo.svg,Al Faisaly,https://media.api-sports.io/football/teams/4531.png,Sama Al Sarhan,https://media.api-sports.io/football/teams/17469.png,,
League,https://media.api-sports.io/football/leagues/387.png,https://media.api-sports.io/flags/jo.svg,Al Jazeera,https://media.api-sports.io/football/teams/4533.png,Al Ramtha,https://media.api-sports.io/football/teams/4534.png,,
Frauenliga,https://media.api-sports.io/football/leagues/484.png,https://media.api-sports.io/flags/at.svg,First Vienna W,https://media.api-sports.io/football/teams/17576.png,Neulengbach W,https://media.api-sports.io/football/teams/10226.png,,
Primera División RFEF - Group 2,https://media.api-sports.io/football/leagues/436.png,https://media.api-sports.io/flags/es.svg,FC Cartagena,https://media.api-sports.io/football/teams/5262.png,Sevilla Atletico,https://media.api-sports.io/football/teams/730.png,,
Professional Development League,https://media.api-sports.io/football/leagues/703.png,https://media.api-sports.io/flags/gb-eng.svg,Huddersfield Town U21,https://media.api-sports.io/football/teams/20017.png,Hull City U21,https://media.api-sports.io/football/teams/20084.png,,
Pro League,https://media.api-sports.io/football/leagues/307.png,https://media.api-sports.io/flags/sa.svg,Al-Fayha,https://media.api-sports.io/football/teams/2944.png,NEOM,https://media.api-sports.io/football/teams/10513.png,,
Pro League,https://media.api-sports.io/football/leagues/307.png,https://media.api-sports.io/flags/sa.svg,Al Najma,https://media.api-sports.io/football/teams/2992.png,Al-Nassr,https://media.api-sports.io/football/teams/2939.png,,
Tercera División RFEF - Group 3,https://media.api-sports.io/football/leagues/441.png,https://media.api-sports.io/flags/es.svg,Castro,https://media.api-sports.io/football/teams/15336.png,Escobedo,https://media.api-sports.io/football/teams/9386.png,,
Tercera División RFEF - Group 3,https://media.api-sports.io/football/leagues/441.png,https://media.api-sports.io/flags/es.svg,Barquereño,https://media.api-sports.io/football/teams/8152.png,Tropezón,https://media.api-sports.io/football/teams/9651.png,,
Tercera División RFEF - Group 3,https://media.api-sports.io/football/leagues/441.png,https://media.api-sports.io/flags/es.svg,Noja,https://media.api-sports.io/football/teams/17535.png,Vimenor,https://media.api-sports.io/football/teams/9652.png,,
Tercera División RFEF - Group 13,https://media.api-sports.io/football/leagues/451.png,https://media.api-sports.io/flags/es.svg,Atlético Pulpileño,https://media.api-sports.io/football/teams/9808.png,Yeclano II,https://media.api-sports.io/football/teams/26551.png,,
League Cup,https://media.api-sports.io/football/leagues/168.png,https://media.api-sports.io/flags/is.svg,Breidablik,https://media.api-sports.io/football/teams/276.png,Leiknir R.,https://media.api-sports.io/football/teams/2114.png,,
Reykjavik Cup,https://media.api-sports.io/football/leagues/814.png,https://media.api-sports.io/flags/is.svg,Vikingur Reykjavik,https://media.api-sports.io/football/teams/278.png,Throttur Reykjavik,https://media.api-sports.io/football/teams/829.png,,
Copa Do Brasil,https://media.api-sports.io/football/leagues/73.png,https://media.api-sports.io/flags/br.svg,Atletico Goianiense,https://media.api-sports.io/football/teams/144.png,Primavera MG,https://media.api-sports.io/football/teams/22825.png,,
FA Trophy,https://media.api-sports.io/football/leagues/821.png,https://media.api-sports.io/flags/mt.svg,Birkirkara,https://media.api-sports.io/football/teams/2277.png,Pietà Hotspurs,https://media.api-sports.io/football/teams/4607.png,,
Premier League,https://media.api-sports.io/football/leagues/233.png,https://media.api-sports.io/flags/eg.svg,Petrojet,https://media.api-sports.io/football/teams/1041.png,Al Ittihad,https://media.api-sports.io/football/teams/1572.png,,
Premier League,https://media.api-sports.io/football/leagues/233.png,https://media.api-sports.io/flags/eg.svg,National Bank of Egypt,https://media.api-sports.io/football/teams/15570.png,Pharco,https://media.api-sports.io/football/teams/15736.png,,
Premier League,https://media.api-sports.io/football/leagues/233.png,https://media.api-sports.io/flags/eg.svg,AL Masry,https://media.api-sports.io/football/teams/1031.png,Future FC,https://media.api-sports.io/football/teams/16431.png,,
1. Liga Classic - Group 1,https://media.api-sports.io/football/leagues/599.png,https://media.api-sports.io/flags/ch.svg,Stade Payerne,https://media.api-sports.io/football/teams/16339.png,Portalban / Gletterens,https://media.api-sports.io/football/teams/16337.png,,
Amazonense,https://media.api-sports.io/football/leagues/522.png,https://media.api-sports.io/flags/br.svg,Manaus FC,https://media.api-sports.io/football/teams/2214.png,São Raimundo AM,https://media.api-sports.io/football/teams/10864.png,,
Championship,https://media.api-sports.io/football/leagues/40.png,https://media.api-sports.io/flags/gb-eng.svg,Millwall,https://media.api-sports.io/football/teams/58.png,Birmingham,https://media.api-sports.io/football/teams/54.png,,
Championship,https://media.api-sports.io/football/leagues/40.png,https://media.api-sports.io/flags/gb-eng.svg,Norwich,https://media.api-sports.io/football/teams/71.png,Sheffield Wednesday,https://media.api-sports.io/football/teams/74.png,,
Championship,https://media.api-sports.io/football/leagues/40.png,https://media.api-sports.io/flags/gb-eng.svg,Sheffield Utd,https://media.api-sports.io/football/teams/62.png,Coventry,https://media.api-sports.io/football/teams/1346.png,,
FAW Championship,https://media.api-sports.io/football/leagues/111.png,https://media.api-sports.io/flags/gb-wls.svg,Ruthin Town,https://media.api-sports.io/football/teams/5624.png,Airbus UK,https://media.api-sports.io/football/teams/4909.png,,
National League,https://media.api-sports.io/football/leagues/43.png,https://media.api-sports.io/flags/gb-eng.svg,Braintree,https://media.api-sports.io/football/teams/1831.png,Aldershot Town,https://media.api-sports.io/football/teams/1818.png,,
National League,https://media.api-sports.io/football/leagues/43.png,https://media.api-sports.io/flags/gb-eng.svg,Eastleigh,https://media.api-sports.io/football/teams/1822.png,Truro City,https://media.api-sports.io/football/teams/4699.png,,
National League,https://media.api-sports.io/football/leagues/43.png,https://media.api-sports.io/flags/gb-eng.svg,Gateshead,https://media.api-sports.io/football/teams/1823.png,Morecambe,https://media.api-sports.io/football/teams/1375.png,,
National League,https://media.api-sports.io/football/leagues/43.png,https://media.api-sports.io/flags/gb-eng.svg,Hartlepool,https://media.api-sports.io/football/teams/1366.png,Carlisle,https://media.api-sports.io/football/teams/1371.png,,
National League,https://media.api-sports.io/football/leagues/43.png,https://media.api-sports.io/flags/gb-eng.svg,Woking,https://media.api-sports.io/football/teams/1836.png,Solihull Moors,https://media.api-sports.io/football/teams/1834.png,,
National League,https://media.api-sports.io/football/leagues/43.png,https://media.api-sports.io/flags/gb-eng.svg,Yeovil Town,https://media.api-sports.io/football/teams/1377.png,Sutton Utd,https://media.api-sports.io/football/teams/1835.png,,
National League - South,https://media.api-sports.io/football/leagues/51.png,https://media.api-sports.io/flags/gb-eng.svg,Farnborough,https://media.api-sports.io/football/teams/7715.png,Chippenham Town,https://media.api-sports.io/football/teams/8147.png,,
Non League Premier - Southern South,https://media.api-sports.io/football/leagues/60.png,https://media.api-sports.io/flags/gb-eng.svg,Taunton Town,https://media.api-sports.io/football/teams/4711.png,Wimborne Town,https://media.api-sports.io/football/teams/7758.png,,
Challenge Cup,https://media.api-sports.io/football/leagues/182.png,https://media.api-sports.io/flags/gb-sct.svg,Airdrie United,https://media.api-sports.io/football/teams/4668.png,Raith Rovers,https://media.api-sports.io/football/teams/1385.png,,
Football League - Highland League,https://media.api-sports.io/football/leagues/730.png,https://media.api-sports.io/flags/gb-sct.svg,Strathspey Thistle,https://media.api-sports.io/football/teams/7451.png,Rothes,https://media.api-sports.io/football/teams/7449.png,,
Football League - Highland League,https://media.api-sports.io/football/leagues/730.png,https://media.api-sports.io/flags/gb-sct.svg,Buckie Thistle,https://media.api-sports.io/football/teams/7432.png,Brechin,https://media.api-sports.io/football/teams/1390.png,,
Football League - Highland League,https://media.api-sports.io/football/leagues/730.png,https://media.api-sports.io/flags/gb-sct.svg,Wick Academy,https://media.api-sports.io/football/teams/7454.png,Forres Mechanics,https://media.api-sports.io/football/teams/7441.png,,
Football League - Highland League,https://media.api-sports.io/football/leagues/730.png,https://media.api-sports.io/flags/gb-sct.svg,Formartine United,https://media.api-sports.io/football/teams/6768.png,Deveronvale,https://media.api-sports.io/football/teams/7438.png,,
Championship,https://media.api-sports.io/football/leagues/40.png,https://media.api-sports.io/flags/gb-eng.svg,Stoke City,https://media.api-sports.io/football/teams/75.png,Oxford United,https://media.api-sports.io/football/teams/1338.png,,
Tercera División RFEF - Group 14,https://media.api-sports.io/football/leagues/452.png,https://media.api-sports.io/flags/es.svg,Jerez,https://media.api-sports.io/football/teams/9832.png,Puebla Calzada,https://media.api-sports.io/football/teams/24613.png,,
Liga de Ascenso,https://media.api-sports.io/football/leagues/163.png,https://media.api-sports.io/flags/cr.svg,ADR Jicaral,https://media.api-sports.io/football/teams/2043.png,Deportivo Upala,https://media.api-sports.io/football/teams/24390.png,,
Liga de Ascenso,https://media.api-sports.io/football/leagues/163.png,https://media.api-sports.io/flags/cr.svg,Cariari Pococi,https://media.api-sports.io/football/teams/2052.png,Aserri FC,https://media.api-sports.io/football/teams/2056.png,,
Liga Profesional Argentina,https://media.api-sports.io/football/leagues/128.png,https://media.api-sports.io/flags/ar.svg,Barracas Central,https://media.api-sports.io/football/teams/2432.png,Tigre,https://media.api-sports.io/football/teams/452.png,,
Liga Profesional Argentina,https://media.api-sports.io/football/leagues/128.png,https://media.api-sports.io/flags/ar.svg,Gimnasia L.P.,https://media.api-sports.io/football/teams/434.png,Rosario Central,https://media.api-sports.io/football/teams/437.png,,
Copa Argentina,https://media.api-sports.io/football/leagues/130.png,https://media.api-sports.io/flags/ar.svg,San Martin S.J.,https://media.api-sports.io/football/teams/461.png,Deportivo Madryn,https://media.api-sports.io/football/teams/1929.png,,
UEFA Champions League,https://media.api-sports.io/football/leagues/2.png,,Juventus,https://media.api-sports.io/football/teams/496.png,Galatasaray,https://media.api-sports.io/football/teams/645.png,,
UEFA Champions League,https://media.api-sports.io/football/leagues/2.png,,Paris Saint Germain,https://media.api-sports.io/football/teams/85.png,Monaco,https://media.api-sports.io/football/teams/91.png,,
UEFA Champions League,https://media.api-sports.io/football/leagues/2.png,,Real Madrid,https://media.api-sports.io/football/teams/541.png,Benfica,https://media.api-sports.io/football/teams/211.png,,
CONCACAF U20,https://media.api-sports.io/football/leagues/537.png,,Belize U20,https://media.api-sports.io/football/teams/10990.png,Grenada U20,https://media.api-sports.io/football/teams/10999.png,,
CONCACAF U20,https://media.api-sports.io/football/leagues/537.png,,Dominica U20,https://media.api-sports.io/football/teams/10996.png,Dominican Republic U20,https://media.api-sports.io/football/teams/10997.png,,
Liga de Ascenso,https://media.api-sports.io/football/leagues/163.png,https://media.api-sports.io/flags/cr.svg,AD Carmelita,https://media.api-sports.io/football/teams/814.png,Santa Ana,https://media.api-sports.io/football/teams/2057.png,,
Liga de Ascenso,https://media.api-sports.io/football/leagues/163.png,https://media.api-sports.io/flags/cr.svg,Escorpiones Belén,https://media.api-sports.io/football/teams/17377.png,Limón Black Star,https://media.api-sports.io/football/teams/20804.png,,
Liga de Ascenso,https://media.api-sports.io/football/leagues/163.png,https://media.api-sports.io/flags/cr.svg,Turrialba Fc,https://media.api-sports.io/football/teams/2059.png,Santa Cruz FC,https://media.api-sports.io/football/teams/26550.png,,
Liga Profesional Argentina,https://media.api-sports.io/football/leagues/128.png,https://media.api-sports.io/flags/ar.svg,Aldosivi,https://media.api-sports.io/football/teams/463.png,Argentinos JRS,https://media.api-sports.io/football/teams/458.png,,
Serie A,https://media.api-sports.io/football/leagues/71.png,https://media.api-sports.io/flags/br.svg,Bahia,https://media.api-sports.io/football/teams/118.png,Chapecoense-sc,https://media.api-sports.io/football/teams/132.png,,
Serie A,https://media.api-sports.io/football/leagues/71.png,https://media.api-sports.io/flags/br.svg,Botafogo,https://media.api-sports.io/football/teams/120.png,Vitoria,https://media.api-sports.io/football/teams/136.png,,
Serie A,https://media.api-sports.io/football/leagues/71.png,https://media.api-sports.io/flags/br.svg,Flamengo,https://media.api-sports.io/football/teams/127.png,Mirassol,https://media.api-sports.io/football/teams/7848.png,,
Liga Nacional,https://media.api-sports.io/football/leagues/339.png,https://media.api-sports.io/flags/gt.svg,Achuapa,https://media.api-sports.io/football/teams/3636.png,Xelajú,https://media.api-sports.io/football/teams/3667.png,,
Friendlies Clubs,https://media.api-sports.io/football/leagues/667.png,,Loudoun United,https://media.api-sports.io/football/teams/3999.png,Evergreen,https://media.api-sports.io/football/teams/4049.png,,
Copa Do Brasil,https://media.api-sports.io/football/leagues/73.png,https://media.api-sports.io/flags/br.svg,Novorizontino,https://media.api-sports.io/football/teams/7834.png,Nacional AM,https://media.api-sports.io/football/teams/7781.png,,
CONCACAF U20,https://media.api-sports.io/football/leagues/537.png,,Puerto Rico U20,https://media.api-sports.io/football/teams/11007.png,Bonaire U20,https://media.api-sports.io/football/teams/27499.png,,
Copa Presidente,https://media.api-sports.io/football/leagues/1219.png,https://media.api-sports.io/flags/sv.svg,Cacahuatique,https://media.api-sports.io/football/teams/24530.png,Firpo,https://media.api-sports.io/football/teams/4303.png,,
Copa Presidente,https://media.api-sports.io/football/leagues/1219.png,https://media.api-sports.io/flags/sv.svg,Cruzeiro,https://media.api-sports.io/football/teams/135.png,Platense,https://media.api-sports.io/football/teams/19763.png,,
Copa Presidente,https://media.api-sports.io/football/leagues/1219.png,https://media.api-sports.io/flags/sv.svg,Vendaval,https://media.api-sports.io/football/teams/27509.png,Zacatecoluca,https://media.api-sports.io/football/teams/26155.png,,
CONMEBOL U20 Femenino,https://media.api-sports.io/football/leagues/1085.png,,Ecuador U20 W,https://media.api-sports.io/football/teams/23460.png,Brazil U20 W,https://media.api-sports.io/football/teams/19079.png,,
Liga Femenina,https://media.api-sports.io/football/leagues/712.png,https://media.api-sports.io/flags/co.svg,Santa Fe W,https://media.api-sports.io/football/teams/15730.png,Atlético Nacional W,https://media.api-sports.io/football/teams/15722.png,,
Copa Do Brasil,https://media.api-sports.io/football/leagues/73.png,https://media.api-sports.io/flags/br.svg,Madureira,https://media.api-sports.io/football/teams/7780.png,ABC,https://media.api-sports.io/football/teams/754.png,,
Division Profesional - Apertura,https://media.api-sports.io/football/leagues/250.png,https://media.api-sports.io/flags/py.svg,Sportivo Ameliano,https://media.api-sports.io/football/teams/10487.png,Cerro Porteno,https://media.api-sports.io/football/teams/1176.png,,
Botola Pro,https://media.api-sports.io/football/leagues/200.png,https://media.api-sports.io/flags/ma.svg,Renaissance Berkane,https://media.api-sports.io/football/teams/962.png,Raja Casablanca,https://media.api-sports.io/football/teams/976.png,,
Serie A,https://media.api-sports.io/football/leagues/71.png,https://media.api-sports.io/flags/br.svg,RB Bragantino,https://media.api-sports.io/football/teams/794.png,Atletico Paranaense,https://media.api-sports.io/football/teams/134.png,,
Serie A,https://media.api-sports.io/football/leagues/71.png,https://media.api-sports.io/flags/br.svg,remo,https://media.api-sports.io/football/teams/1198.png,Internacional,https://media.api-sports.io/football/teams/119.png,,
CONMEBOL Libertadores,https://media.api-sports.io/football/leagues/13.png,,Bahia,https://media.api-sports.io/football/teams/118.png,O'Higgins,https://media.api-sports.io/football/teams/2320.png,,
Paulista - A2,https://media.api-sports.io/football/leagues/476.png,https://media.api-sports.io/flags/br.svg,Água Santa,https://media.api-sports.io/football/teams/10018.png,Grêmio Prudente,https://media.api-sports.io/football/teams/20713.png,,
Paulista - A4,https://media.api-sports.io/football/leagues/1062.png,https://media.api-sports.io/flags/br.svg,Grêmio Sãocarlense,https://media.api-sports.io/football/teams/22947.png,Tanabi,https://media.api-sports.io/football/teams/23581.png,,
Copa Do Brasil,https://media.api-sports.io/football/leagues/73.png,https://media.api-sports.io/flags/br.svg,Londrina,https://media.api-sports.io/football/teams/148.png,Penedense,https://media.api-sports.io/football/teams/22822.png,,
Copa Do Brasil,https://media.api-sports.io/football/leagues/73.png,https://media.api-sports.io/flags/br.svg,Retrô,https://media.api-sports.io/football/teams/13098.png,Uberlandia,https://media.api-sports.io/football/teams/1196.png,,
Copa Do Brasil,https://media.api-sports.io/football/leagues/73.png,https://media.api-sports.io/flags/br.svg,São Luiz,https://media.api-sports.io/football/teams/10004.png,Maranhão,https://media.api-sports.io/football/teams/7832.png,,
Copa Do Brasil,https://media.api-sports.io/football/leagues/73.png,https://media.api-sports.io/flags/br.svg,Tombense,https://media.api-sports.io/football/teams/2227.png,Oratório,https://media.api-sports.io/football/teams/10858.png,,
Primera Division,https://media.api-sports.io/football/leagues/396.png,https://media.api-sports.io/flags/ni.svg,Managua,https://media.api-sports.io/football/teams/4644.png,Jalapa,https://media.api-sports.io/football/teams/10160.png,,
Liga Profesional Argentina,https://media.api-sports.io/football/leagues/128.png,https://media.api-sports.io/flags/ar.svg,Newells Old Boys,https://media.api-sports.io/football/teams/457.png,Estudiantes L.P.,https://media.api-sports.io/football/teams/450.png,,
Liga Profesional Argentina,https://media.api-sports.io/football/leagues/128.png,https://media.api-sports.io/flags/ar.svg,Velez Sarsfield,https://media.api-sports.io/football/teams/438.png,Deportivo Riestra,https://media.api-sports.io/football/teams/476.png,,
Serie A,https://media.api-sports.io/football/leagues/71.png,https://media.api-sports.io/flags/br.svg,Coritiba,https://media.api-sports.io/football/teams/147.png,Sao Paulo,https://media.api-sports.io/football/teams/126.png,,
Paulista - A2,https://media.api-sports.io/football/leagues/476.png,https://media.api-sports.io/flags/br.svg,Sao Bento,https://media.api-sports.io/football/teams/156.png,Linense,https://media.api-sports.io/football/teams/7846.png,,
Paulista - A3,https://media.api-sports.io/football/leagues/605.png,https://media.api-sports.io/flags/br.svg,Catanduva,https://media.api-sports.io/football/teams/22851.png,Marília,https://media.api-sports.io/football/teams/10035.png,,
Paulista - A3,https://media.api-sports.io/football/leagues/605.png,https://media.api-sports.io/flags/br.svg,Francana,https://media.api-sports.io/football/teams/22946.png,Rio Branco SP,https://media.api-sports.io/football/teams/22951.png,,
Paulista - A3,https://media.api-sports.io/football/leagues/605.png,https://media.api-sports.io/flags/br.svg,XV de Jau,https://media.api-sports.io/football/teams/22956.png,Portuguesa Santista,https://media.api-sports.io/football/teams/10023.png,,
Paulista - A4,https://media.api-sports.io/football/leagues/1062.png,https://media.api-sports.io/flags/br.svg,Vocem,https://media.api-sports.io/football/teams/22955.png,Inter de Bebedouro,https://media.api-sports.io/football/teams/23576.png,,
Copa Do Brasil,https://media.api-sports.io/football/leagues/73.png,https://media.api-sports.io/flags/br.svg,Anápolis,https://media.api-sports.io/football/teams/7852.png,Cianorte,https://media.api-sports.io/football/teams/1194.png,,
Copa Do Brasil,https://media.api-sports.io/football/leagues/73.png,https://media.api-sports.io/flags/br.svg,Imperatriz,https://media.api-sports.io/football/teams/2213.png,Amazonas,https://media.api-sports.io/football/teams/10862.png,,
Copa Do Brasil,https://media.api-sports.io/football/leagues/73.png,https://media.api-sports.io/flags/br.svg,Ceilândia,https://media.api-sports.io/football/teams/7771.png,Jacuipense,https://media.api-sports.io/football/teams/7831.png,,
Serie A,https://media.api-sports.io/football/leagues/71.png,https://media.api-sports.io/flags/br.svg,Cruzeiro,https://media.api-sports.io/football/teams/135.png,Corinthians,https://media.api-sports.io/football/teams/131.png,,
Paulista - A2,https://media.api-sports.io/football/leagues/476.png,https://media.api-sports.io/flags/br.svg,Ferroviária,https://media.api-sports.io/football/teams/7826.png,Votuporanguense,https://media.api-sports.io/football/teams/2230.png,,
Paulista - A2,https://media.api-sports.io/football/leagues/476.png,https://media.api-sports.io/flags/br.svg,Inter De Limeira,https://media.api-sports.io/football/teams/1201.png,Oeste,https://media.api-sports.io/football/teams/143.png,,
Paulista - A2,https://media.api-sports.io/football/leagues/476.png,https://media.api-sports.io/flags/br.svg,São José EC,https://media.api-sports.io/football/teams/15622.png,Ituano,https://media.api-sports.io/football/teams/7779.png,,
Paulista - A2,https://media.api-sports.io/football/leagues/476.png,https://media.api-sports.io/flags/br.svg,Taubaté,https://media.api-sports.io/football/teams/10026.png,XV de Piracicaba,https://media.api-sports.io/football/teams/7870.png,,
Rondoniense,https://media.api-sports.io/football/leagues/615.png,https://media.api-sports.io/flags/br.svg,Barcelona RO,https://media.api-sports.io/football/teams/7823.png,Rondoniense,https://media.api-sports.io/football/teams/7877.png,,
Copa Do Brasil,https://media.api-sports.io/football/leagues/73.png,https://media.api-sports.io/flags/br.svg,Águia de Marabá,https://media.api-sports.io/football/teams/7879.png,Independência,https://media.api-sports.io/football/teams/10853.png,,
Copa Do Brasil,https://media.api-sports.io/football/leagues/73.png,https://media.api-sports.io/flags/br.svg,ASA,https://media.api-sports.io/football/teams/1207.png,Operario Ferroviario,https://media.api-sports.io/football/teams/2217.png,,
Copa Do Brasil,https://media.api-sports.io/football/leagues/73.png,https://media.api-sports.io/flags/br.svg,São Bernardo,https://media.api-sports.io/football/teams/7865.png,Atlético Alagoinhas,https://media.api-sports.io/football/teams/9997.png,,
Copa Do Brasil,https://media.api-sports.io/football/leagues/73.png,https://media.api-sports.io/flags/br.svg,Caxias,https://media.api-sports.io/football/teams/7770.png,Guarany de Bagé,https://media.api-sports.io/football/teams/10049.png,,
CONCACAF U20,https://media.api-sports.io/football/leagues/537.png,,Suriname U20,https://media.api-sports.io/football/teams/11011.png,French Guiana U20,https://media.api-sports.io/football/teams/27500.png,,
CONMEBOL U20 Femenino,https://media.api-sports.io/football/leagues/1085.png,,Venezuela U20 W,https://media.api-sports.io/football/teams/23463.png,Colombia U20 W,https://media.api-sports.io/football/teams/19081.png,,
Copa Do Brasil,https://media.api-sports.io/football/leagues/73.png,https://media.api-sports.io/flags/br.svg,Gama,https://media.api-sports.io/football/teams/1222.png,Goias,https://media.api-sports.io/football/teams/151.png,,
Copa Do Brasil,https://media.api-sports.io/football/leagues/73.png,https://media.api-sports.io/flags/br.svg,Ypiranga-RS,https://media.api-sports.io/football/teams/1221.png,Ji-Paraná,https://media.api-sports.io/football/teams/10675.png,,
Liga Nacional,https://media.api-sports.io/football/leagues/234.png,https://media.api-sports.io/flags/hn.svg,Juticalpa,https://media.api-sports.io/football/teams/1053.png,CD Motagua,https://media.api-sports.io/football/teams/1055.png,,
Division Profesional - Apertura,https://media.api-sports.io/football/leagues/250.png,https://media.api-sports.io/flags/py.svg,Olimpia,https://media.api-sports.io/football/teams/1182.png,Libertad Asuncion,https://media.api-sports.io/football/teams/1179.png,,
Division Profesional - Apertura,https://media.api-sports.io/football/leagues/250.png,https://media.api-sports.io/flags/py.svg,Sportivo Trinidense,https://media.api-sports.io/football/teams/1187.png,Sportivo Luqueno,https://media.api-sports.io/football/teams/1183.png,,
Rondoniense,https://media.api-sports.io/football/leagues/615.png,https://media.api-sports.io/flags/br.svg,União Cacoalense,https://media.api-sports.io/football/teams/12947.png,Genus,https://media.api-sports.io/football/teams/1229.png,,
Sergipano,https://media.api-sports.io/football/leagues/626.png,https://media.api-sports.io/flags/br.svg,Confiança,https://media.api-sports.io/football/teams/7772.png,AO Itabaiana,https://media.api-sports.io/football/teams/2204.png,,
