Poland: Ekstraklasa,Lechia Gdansk vs Radomiak Radom,HOME DC,2.08,17:00 GMT,Not Yet,03-11-2025,,Not Yet,zlhmyqyj114594374,vip_tips,free
Portugal: Liga Portugal 2,Oliveirense vs Maritimo,AWAY DC,2.09,18:00 GMT,Not Yet,03-11-2025,,Not Yet,nnljdvhh81302540,vip_tips,free
Saudi Arabia: Division 1,Al Jabalain vs Al Orubah,HOME DC,2.08,12:30 GMT,Not Yet,03-11-2025,,Not Yet,avbnioba82696398,vip_tips,free
Malta: Premier League - First Stage - Main,Gzira vs Naxxar,HOME DC,2.05,17:00 GMT,Not Yet,03-11-2025,,Not Yet,bscdknvy125942723,vip_tips,premium
Denmark: Superliga,Midtjylland vs Aarhus,HOME DC,1.86,18:00 GMT,Not Yet,03-11-2025,,Not Yet,njjqzmbw248849491,vip_tips,premium
Turkey: Super Lig,Alanyaspor vs Gaziantep,HOME DC,2.03,17:00 GMT,Not Yet,03-11-2025,,Not Yet,csmzechj60832191,vip_tips,premium
Poland: Ekstraklasa,Cracovia vs Zaglebie,HOME DC,1.94,19:30 GMT,Not Yet,03-11-2025,,Not Yet,zsnbbiqc285639475,vip_tips,premium
Israel: Ligat Ha'Al,Beitar Jerusalem vs H. Beer Sheva,AWAY DC,1.93,18:30 GMT,Not Yet,03-11-2025,,Not Yet,idejwoip80055388,vip_tips,premium
Ukraine: Premier League,LNZ Cherkasy vs Karpaty Lviv,HOME DC,1.86,13:30 GMT,Not Yet,03-11-2025,,Not Yet,nyqvgnkg154872064,vip_tips,premium
Germany: Bundesliga Women,Freiburg W vs RB Leipzig W,HOME DC,2.02,17:00 GMT,Not Yet,03-11-2025,,Not Yet,hbmwqudv46432292,vip_tips,premium
